TEAM_ID,TEAM_NAME,GP,W,L,W_PCT,MIN,FGM,FGA,FG_PCT,FG3M,FG3A,FG3_PCT,FTM,FTA,FT_PCT,OREB,DREB,REB,AST,TOV,STL,BLK,BLKA,PF,PFD,PTS,PLUS_MINUS,GP_RANK,W_RANK,L_RANK,W_PCT_RANK,MIN_RANK,FGM_RANK,FGA_RANK,FG_PCT_RANK,FG3M_RANK,FG3A_RANK,FG3_PCT_RANK,FTM_RANK,FTA_RANK,FT_PCT_RANK,OREB_RANK,DREB_RANK,REB_RANK,AST_RANK,TOV_RANK,STL_RANK,BLK_RANK,BLKA_RANK,PF_RANK,PFD_RANK,PTS_RANK,PLUS_MINUS_RANK,CFID,CFPARAMS,SEASON
1610612737,Atlanta Hawks,82,44,38,0.537,3946.0,2971,6429,0.462,502,1427,0.352,1346,1728,0.779,762,2460,3222,1802,1118.0,497,341,348,1554,1517,7790,-67.0,1,13,13,13,28,23,25,12,17,16,18,29,29,6,29,20,28,12,9,29,28,5,1,29,26,16,10,Atlanta Hawks,2010-11
1610612738,Boston Celtics,82,56,26,0.683,3956.0,3023,6219,0.486,408,1119,0.365,1459,1895,0.77,639,2542,3181,1921,1195.0,676,344,364,1678,1659,7913,440.0,1,6,6,6,20,20,30,1,26,28,12,20,22,11,30,13,29,4,22,3,27,10,15,22,23,6,10,Boston Celtics,2010-11
1610612766,Charlotte Hornets,82,34,48,0.415,3961.0,2873,6365,0.451,393,1203,0.327,1511,1999,0.756,848,2444,3292,1728,1192.0,524,433,496,1637,1730,7650,-328.0,1,22,22,22,18,29,28,22,27,26,29,13,12,21,21,22,24,18,21,28,8,29,8,13,29,24,10,Charlotte Bobcats,2010-11
1610612741,Chicago Bulls,82,62,20,0.756,3966.0,3042,6587,0.462,511,1415,0.361,1492,2008,0.743,967,2654,3621,1827,1161.0,592,468,477,1639,1645,8087,600.0,1,1,1,1,12,18,22,13,15,17,13,14,11,26,7,4,2,9,17,17,5,26,9,24,20,2,10,Chicago Bulls,2010-11
1610612739,Cleveland Cavaliers,82,19,63,0.232,3951.0,2886,6647,0.434,509,1489,0.342,1546,2075,0.745,856,2449,3305,1720,1166.0,544,341,489,1648,1747,7827,-739.0,1,29,29,29,27,28,13,29,16,13,23,8,8,24,19,21,22,20,18,26,28,28,12,10,25,30,10,Cleveland Cavaliers,2010-11
1610612742,Dallas Mavericks,82,57,25,0.695,3941.0,3069,6463,0.475,645,1768,0.365,1437,1850,0.777,780,2618,3398,1954,1145.0,557,352,303,1575,1650,8220,347.0,1,4,4,4,29,13,24,5,8,5,11,24,27,8,28,6,14,2,12,23,24,2,4,23,11,8,10,Dallas Mavericks,2010-11
1610612743,Denver Nuggets,82,50,32,0.61,3941.0,3145,6613,0.476,662,1704,0.388,1859,2429,0.765,791,2652,3443,1813,1157.0,605,352,488,1719,1864,8811,390.0,1,9,9,9,29,6,17,3,7,8,3,2,1,16,26,5,11,10,16,13,24,27,18,1,1,7,10,Denver Nuggets,2010-11
1610612765,Detroit Pistons,82,30,52,0.366,3976.0,3056,6647,0.46,472,1256,0.376,1367,1854,0.737,931,2236,3167,1730,1067.0,595,328,381,1629,1545,7951,-295.0,1,24,24,24,6,16,13,17,20,22,6,28,25,27,12,29,30,17,2,16,30,15,7,27,22,23,10,Detroit Pistons,2010-11
1610612744,Golden State Warriors,82,36,46,0.439,3966.0,3251,7047,0.461,685,1749,0.392,1290,1695,0.761,955,2370,3325,1847,1198.0,737,406,352,1806,1512,8477,-191.0,1,20,20,20,12,1,1,14,4,6,2,30,30,17,10,26,19,7,23,2,12,6,24,30,7,21,10,Golden State Warriors,2010-11
1610612745,Houston Rockets,82,43,39,0.524,3976.0,3170,6975,0.454,677,1843,0.367,1668,2083,0.801,962,2549,3511,1955,1110.0,581,371,449,1641,1754,8685,179.0,1,14,14,14,6,4,4,21,6,4,9,5,7,4,9,12,7,1,8,21,19,22,11,8,3,11,10,Houston Rockets,2010-11
1610612754,Indiana Pacers,82,37,45,0.451,3956.0,3003,6787,0.442,585,1653,0.354,1592,2035,0.782,914,2657,3571,1611,1262.0,584,456,467,1782,1758,8183,-88.0,1,19,19,19,20,22,9,26,10,9,16,6,10,5,13,3,5,28,27,20,6,25,22,7,13,19,10,Indiana Pacers,2010-11
1610612746,Los Angeles Clippers,82,32,50,0.39,3971.0,3015,6594,0.457,513,1519,0.338,1546,2187,0.707,955,2501,3456,1813,1343.0,585,402,404,1733,1811,8089,-257.0,1,23,23,23,10,21,20,20,14,11,25,8,4,29,10,15,9,10,29,19,13,18,20,2,19,22,10,Los Angeles Clippers,2010-11
1610612747,Los Angeles Lakers,82,57,25,0.695,3966.0,3128,6757,0.463,524,1487,0.352,1541,1979,0.779,989,2616,3605,1801,1073.0,602,422,372,1555,1700,8321,501.0,1,4,4,4,12,10,11,11,12,14,17,10,17,7,5,7,3,13,5,14,10,11,2,18,9,3,10,Los Angeles Lakers,2010-11
1610612763,Memphis Grizzlies,82,46,36,0.561,3976.0,3200,6801,0.471,309,926,0.334,1486,1981,0.75,970,2391,3361,1691,1145.0,771,441,505,1705,1754,8195,192.0,1,11,11,11,6,3,8,6,30,30,27,17,15,23,6,24,16,21,12,1,7,30,17,8,12,10,10,Memphis Grizzlies,2010-11
1610612748,Miami Heat,82,58,24,0.707,3956.0,3031,6301,0.481,547,1479,0.37,1760,2288,0.769,790,2666,3456,1639,1142.0,544,430,246,1674,1788,8369,612.0,1,3,3,3,20,19,29,2,11,15,7,3,3,12,27,2,9,26,11,26,9,1,14,5,8,1,10,Miami Heat,2010-11
1610612749,Milwaukee Bucks,82,35,47,0.427,3966.0,2814,6544,0.43,483,1414,0.342,1423,1881,0.757,862,2480,3342,1545,1103.0,617,399,392,1682,1694,7534,-69.0,1,21,21,21,12,30,23,30,19,18,24,27,23,20,18,16,18,30,7,11,14,16,16,19,30,17,10,Milwaukee Bucks,2010-11
1610612750,Minnesota Timberwolves,82,17,65,0.207,3956.0,3090,7014,0.441,589,1565,0.376,1519,1977,0.768,1085,2556,3641,1650,1398.0,592,422,447,1825,1717,8288,-544.0,1,30,30,30,20,12,2,27,9,10,5,12,18,13,1,11,1,25,30,17,10,21,27,15,10,28,10,Minnesota Timberwolves,2010-11
1610612751,Brooklyn Nets,82,24,58,0.293,4001.0,2918,6638,0.44,459,1337,0.343,1427,1881,0.759,909,2440,3349,1723,1152.0,458,384,375,1807,1638,7722,-512.0,1,25,25,25,1,27,15,28,21,20,22,25,23,19,14,23,17,19,14,30,16,13,25,25,28,26,10,New Jersey Nets,2010-11
1610612740,New Orleans Pelicans,82,46,36,0.561,3966.0,2944,6416,0.459,444,1232,0.36,1452,1897,0.765,824,2468,3292,1691,1069.0,624,359,396,1719,1674,7784,73.0,1,11,11,11,12,26,26,18,22,25,14,23,21,15,24,19,24,21,3,9,20,17,18,20,27,14,10,New Orleans Hornets,2010-11
1610612752,New York Knicks,82,42,40,0.512,3956.0,3140,6867,0.457,765,2081,0.368,1689,2087,0.809,847,2470,3317,1757,1123.0,625,475,360,1743,1703,8734,64.0,1,15,15,15,20,8,6,19,2,2,8,4,6,2,22,18,20,15,10,8,4,9,21,16,2,15,10,New York Knicks,2010-11
1610612760,Oklahoma City Thunder,82,55,27,0.671,4001.0,3066,6609,0.464,487,1403,0.347,1977,2401,0.823,903,2604,3507,1672,1156.0,654,487,356,1836,1767,8596,311.0,1,7,7,7,1,14,18,10,18,19,19,1,2,1,15,8,8,24,15,6,2,7,28,6,5,9,10,Oklahoma City Thunder,2010-11
1610612753,Orlando Magic,82,52,30,0.634,3966.0,2956,6411,0.461,770,2103,0.366,1453,2101,0.692,864,2679,3543,1636,1224.0,548,384,310,1640,1791,8135,448.0,1,8,8,8,12,24,27,16,1,1,10,22,5,30,17,1,6,27,25,24,16,3,10,4,16,5,10,Orlando Magic,2010-11
1610612755,Philadelphia 76ers,82,41,41,0.5,3986.0,3125,6776,0.461,443,1248,0.355,1426,1851,0.77,850,2578,3428,1861,1063.0,621,355,376,1592,1544,8119,123.0,1,16,16,16,4,11,10,15,23,24,15,26,26,10,20,10,13,6,1,10,23,14,6,28,18,13,10,Philadelphia 76ers,2010-11
1610612756,Phoenix Suns,82,40,42,0.488,4001.0,3219,6844,0.47,701,1857,0.377,1472,1939,0.759,821,2478,3299,1945,1169.0,545,357,356,1666,1740,8611,-73.0,1,17,17,17,1,2,7,7,3,3,4,19,20,18,25,17,23,3,19,25,22,7,13,12,4,18,10,Phoenix Suns,2010-11
1610612757,Portland Trail Blazers,82,48,34,0.585,3961.0,2951,6599,0.447,518,1503,0.345,1476,1835,0.804,996,2230,3226,1736,1070.0,660,358,339,1585,1743,7896,125.0,1,10,10,10,18,25,19,24,13,12,21,18,28,3,4,30,27,16,4,5,21,4,5,11,24,12,10,Portland Trail Blazers,2010-11
1610612758,Sacramento Kings,82,24,58,0.293,3971.0,3134,6979,0.449,428,1277,0.335,1455,1981,0.734,1071,2526,3597,1675,1324.0,608,391,464,1805,1723,8151,-438.0,1,25,25,25,10,9,3,23,25,21,26,21,15,28,2,14,4,23,28,12,15,24,23,14,15,25,10,Sacramento Kings,2010-11
1610612759,San Antonio Spurs,82,61,21,0.744,3956.0,3148,6628,0.475,685,1727,0.397,1521,1984,0.767,829,2603,3432,1836,1101.0,602,372,374,1556,1701,8502,468.0,1,2,2,2,20,5,16,4,4,7,1,11,14,14,23,9,12,8,6,14,18,12,3,17,6,4,10,San Antonio Spurs,2010-11
1610612761,Toronto Raptors,82,22,60,0.268,3956.0,3144,6755,0.465,345,1091,0.316,1491,1976,0.755,963,2343,3306,1795,1206.0,581,350,456,1807,1620,8124,-515.0,1,28,28,28,20,7,12,8,29,29,30,15,19,22,8,27,21,14,24,21,26,23,25,26,17,27,10,Toronto Raptors,2010-11
1610612762,Utah Jazz,82,39,43,0.476,3976.0,3064,6590,0.465,435,1256,0.346,1590,2061,0.771,898,2338,3236,1921,1175.0,629,484,411,1865,1802,8153,-150.0,1,18,18,18,6,15,21,9,24,22,20,7,9,9,16,28,26,4,20,7,3,19,30,3,14,20,10,Utah Jazz,2010-11
1610612764,Washington Wizards,82,23,59,0.28,3986.0,3048,6888,0.443,392,1182,0.332,1489,1999,0.745,1013,2374,3387,1592,1258.0,665,502,413,1850,1662,7977,-607.0,1,27,27,27,4,17,5,25,28,27,28,16,12,25,3,25,15,29,26,4,1,20,29,21,21,29,10,Washington Wizards,2010-11
1610612737,Atlanta Hawks,66,40,26,0.606,3233.0,2429,5348,0.454,492,1330,0.37,1025,1385,0.74,652,2066,2718,1481,921.0,536,303,313,1178,1263,6375,227.0,1,8,8,8,1,14,19,11,8,10,5,23,25,23,28,11,23,8,5,10,23,10,6,20,17,6,10,Atlanta Hawks,2011-12
1610612738,Boston Celtics,66,39,27,0.591,3188.0,2341,5086,0.46,363,988,0.367,1017,1308,0.778,509,2051,2560,1557,979.0,498,362,304,1315,1217,6062,166.0,1,10,10,10,16,23,30,5,22,24,7,25,27,5,30,15,30,2,17,16,6,9,18,24,26,11,10,Boston Celtics,2011-12
1610612766,Charlotte Hornets,66,7,59,0.106,3178.0,2193,5293,0.414,263,892,0.295,1090,1462,0.746,677,1894,2571,1326,957.0,397,361,378,1249,1341,5739,-918.0,1,30,30,30,26,30,23,30,29,27,30,16,14,20,26,28,29,19,16,29,8,25,10,9,30,30,10,Charlotte Bobcats,2011-12
1610612741,Chicago Bulls,66,50,16,0.758,3188.0,2467,5462,0.452,419,1117,0.375,1006,1394,0.722,915,2165,3080,1527,923.0,456,388,343,1139,1166,6359,540.0,1,1,1,1,16,10,8,12,17,18,4,27,23,27,1,2,1,5,6,24,3,20,2,28,18,1,10,Chicago Bulls,2011-12
1610612739,Cleveland Cavaliers,66,21,45,0.318,3193.0,2261,5360,0.422,440,1273,0.346,1178,1645,0.716,841,1949,2790,1308,1017.0,466,262,409,1317,1381,6140,-475.0,1,27,27,27,10,29,18,29,14,16,15,9,6,28,4,22,14,23,26,22,29,28,20,6,25,29,10,Cleveland Cavaliers,2011-12
1610612742,Dallas Mavericks,66,36,30,0.545,3213.0,2398,5412,0.443,497,1464,0.339,1029,1334,0.771,665,2157,2822,1380,926.0,565,337,265,1226,1213,6322,63.0,1,13,13,13,3,19,14,19,7,4,20,22,26,9,27,3,11,15,8,4,14,1,8,27,19,14,10,Dallas Mavericks,2011-12
1610612743,Denver Nuggets,66,38,28,0.576,3208.0,2572,5404,0.476,435,1311,0.332,1293,1760,0.735,738,2105,2843,1581,1015.0,540,330,439,1297,1452,6872,190.0,1,11,11,11,6,2,15,2,16,13,24,3,1,25,17,7,8,1,25,9,16,30,17,1,1,9,10,Denver Nuggets,2011-12
1610612765,Detroit Pistons,66,25,41,0.379,3193.0,2291,5232,0.438,317,916,0.346,1098,1461,0.752,775,1882,2657,1232,1033.0,460,278,348,1293,1283,5997,-316.0,1,22,22,22,10,25,24,25,26,26,13,14,15,18,12,29,27,28,28,23,26,21,16,16,27,25,10,Detroit Pistons,2011-12
1610612744,Golden State Warriors,66,23,43,0.348,3183.0,2489,5443,0.457,524,1351,0.388,951,1235,0.77,640,1947,2587,1470,915.0,528,362,328,1410,1095,6453,-225.0,1,23,23,23,23,7,10,7,3,9,2,29,29,11,29,24,28,9,4,11,6,15,27,29,12,23,10,Golden State Warriors,2011-12
1610612745,Houston Rockets,66,34,32,0.515,3213.0,2489,5543,0.449,478,1330,0.359,1018,1301,0.782,769,2014,2783,1404,955.0,496,319,340,1347,1215,6474,15.0,1,17,17,17,3,7,3,14,9,10,9,24,28,4,14,17,15,12,14,18,20,19,22,25,9,18,10,Houston Rockets,2011-12
1610612754,Indiana Pacers,66,42,24,0.636,3198.0,2354,5375,0.438,392,1064,0.368,1349,1724,0.782,826,2070,2896,1228,925.0,523,357,398,1430,1428,6449,218.0,1,5,5,5,8,22,16,24,19,22,6,2,3,3,6,10,4,29,7,15,9,27,28,4,13,7,10,Indiana Pacers,2011-12
1610612746,Los Angeles Clippers,66,40,26,0.606,3193.0,2439,5366,0.455,514,1441,0.357,1046,1538,0.68,800,1943,2743,1385,879.0,556,315,296,1399,1401,6438,169.0,1,8,8,8,10,13,17,10,5,5,12,21,10,29,8,27,22,13,2,6,22,5,25,5,14,10,10,Los Angeles Clippers,2011-12
1610612747,Los Angeles Lakers,66,41,25,0.621,3213.0,2429,5319,0.457,362,1112,0.326,1202,1589,0.756,799,2251,3050,1485,997.0,390,351,302,1109,1332,6422,94.0,1,6,6,6,3,14,22,8,23,19,26,8,9,16,9,1,2,7,20,30,11,8,1,10,15,13,10,Los Angeles Lakers,2011-12
1610612763,Memphis Grizzlies,66,41,25,0.621,3188.0,2425,5422,0.447,277,849,0.326,1142,1504,0.759,831,1944,2775,1290,955.0,631,345,363,1316,1275,6269,133.0,1,6,6,6,16,16,12,16,27,28,25,10,13,13,5,26,16,24,14,1,12,22,19,18,20,12,10,Memphis Grizzlies,2011-12
1610612748,Miami Heat,66,46,20,0.697,3208.0,2446,5212,0.469,370,1030,0.359,1238,1598,0.775,686,2060,2746,1317,1002.0,585,355,280,1282,1356,6500,395.0,1,4,4,4,6,12,26,4,20,23,10,6,8,7,24,12,21,21,23,3,10,3,14,8,7,4,10,Miami Heat,2011-12
1610612749,Milwaukee Bucks,66,31,35,0.47,3173.0,2502,5652,0.443,436,1265,0.345,1095,1415,0.774,820,1983,2803,1550,929.0,548,335,297,1273,1278,6535,18.0,1,19,19,19,28,4,2,20,15,17,16,15,19,8,7,20,12,3,10,7,15,6,13,17,5,17,10,Milwaukee Bucks,2011-12
1610612750,Minnesota Timberwolves,66,26,40,0.394,3188.0,2355,5434,0.433,473,1423,0.332,1281,1662,0.771,797,2089,2886,1290,1001.0,436,293,377,1212,1435,6464,-145.0,1,21,21,21,16,21,11,27,11,6,23,4,5,10,10,8,5,24,21,26,24,24,7,3,10,21,10,Minnesota Timberwolves,2011-12
1610612751,Brooklyn Nets,66,22,44,0.333,3178.0,2262,5320,0.425,507,1481,0.342,1113,1433,0.777,783,1879,2662,1311,995.0,493,260,330,1268,1274,6144,-395.0,1,25,25,25,26,28,21,28,6,3,18,13,16,6,11,30,26,22,19,19,30,16,12,19,24,28,10,New Jersey Nets,2011-12
1610612740,New Orleans Pelicans,66,21,45,0.318,3188.0,2300,5103,0.451,259,777,0.333,1057,1397,0.757,724,1991,2715,1368,1024.0,488,316,380,1324,1235,5916,-248.0,1,27,27,27,16,24,29,13,30,30,22,20,21,15,20,19,24,16,27,21,21,26,21,22,29,24,10,New Orleans Hornets,2011-12
1610612752,New York Knicks,66,36,30,0.545,3188.0,2365,5335,0.443,517,1538,0.336,1211,1634,0.741,743,2012,2755,1328,1056.0,622,276,334,1391,1437,6458,211.0,1,13,13,13,16,20,20,18,4,2,21,7,7,22,15,18,18,18,29,2,27,18,24,2,11,8,10,New York Knicks,2011-12
1610612760,Oklahoma City Thunder,66,47,19,0.712,3198.0,2462,5229,0.471,472,1317,0.358,1406,1744,0.806,726,2157,2883,1224,1079.0,498,539,321,1352,1322,6802,404.0,1,3,3,3,8,11,25,3,12,12,11,1,2,1,19,3,6,30,30,16,1,13,23,11,3,3,10,Oklahoma City Thunder,2011-12
1610612753,Orlando Magic,66,37,29,0.561,3193.0,2275,5162,0.441,670,1785,0.375,995,1508,0.66,742,2060,2802,1321,984.0,451,275,273,1168,1308,6215,52.0,1,12,12,12,10,26,27,22,1,1,3,28,12,30,16,12,13,20,18,25,28,2,5,13,21,15,10,Orlando Magic,2011-12
1610612755,Philadelphia 76ers,66,35,31,0.53,3183.0,2471,5516,0.448,349,963,0.362,889,1198,0.742,704,2144,2848,1453,738.0,526,340,316,1157,1070,6180,280.0,1,16,16,16,23,9,5,15,24,25,8,30,30,21,22,6,7,10,1,14,13,12,4,30,22,5,10,Philadelphia 76ers,2011-12
1610612756,Phoenix Suns,66,33,33,0.5,3168.0,2495,5445,0.458,444,1295,0.343,1058,1397,0.757,717,2035,2752,1486,928.0,431,366,288,1233,1293,6492,-16.0,1,18,18,18,30,5,9,6,13,15,17,19,21,14,21,16,19,6,9,27,5,4,9,15,8,19,10,Phoenix Suns,2011-12
1610612757,Portland Trail Blazers,66,28,38,0.424,3193.0,2402,5417,0.443,478,1382,0.346,1133,1423,0.796,735,1949,2684,1349,935.0,528,322,314,1251,1306,6415,-41.0,1,20,20,20,10,18,13,17,9,8,14,11,18,2,18,22,25,17,11,11,18,11,11,14,16,20,10,Portland Trail Blazers,2011-12
1610612758,Sacramento Kings,66,22,44,0.333,3183.0,2490,5712,0.436,411,1301,0.316,1127,1532,0.736,882,1947,2829,1271,952.0,561,323,423,1287,1313,6518,-375.0,1,25,25,25,23,6,1,26,18,14,29,12,11,24,2,24,10,26,13,5,17,29,15,12,6,27,10,Sacramento Kings,2011-12
1610612759,San Antonio Spurs,66,50,16,0.758,3188.0,2611,5463,0.478,552,1405,0.393,1067,1427,0.748,683,2153,2836,1528,895.0,490,293,330,1143,1244,6841,473.0,1,1,1,1,16,1,7,1,2,7,1,18,17,19,25,5,9,4,3,20,24,16,3,21,2,2,10,San Antonio Spurs,2011-12
1610612761,Toronto Raptors,66,23,43,0.348,3193.0,2268,5154,0.44,365,1075,0.34,1085,1410,0.77,697,2074,2771,1382,1001.0,429,321,322,1532,1214,5986,-218.0,1,23,23,23,10,27,28,23,21,20,19,17,20,12,23,9,17,14,21,28,19,14,30,26,28,22,10,Toronto Raptors,2011-12
1610612762,Utah Jazz,66,36,30,0.545,3233.0,2523,5531,0.456,273,845,0.323,1258,1668,0.754,861,2055,2916,1439,936.0,545,385,375,1441,1366,6577,41.0,1,13,13,13,1,3,4,9,28,29,27,5,4,17,3,14,3,11,12,8,4,23,29,7,4,16,10,Utah Jazz,2011-12
1610612764,Washington Wizards,66,20,46,0.303,3173.0,2414,5475,0.441,344,1075,0.32,1008,1386,0.727,775,1975,2750,1262,1008.0,527,417,300,1405,1231,6180,-317.0,1,29,29,29,28,17,6,21,25,20,28,26,24,26,12,21,20,27,24,13,2,7,26,23,22,26,10,Washington Wizards,2011-12
1610612737,Atlanta Hawks,82,44,38,0.537,3971.0,3084,6644,0.464,706,1901,0.371,1158,1619,0.715,758,2593,3351,2007,1219.0,664,369,350,1473,1543,8032,33.0,1,14,14,14,7,12,21,7,5,5,7,28,27,26,27,11,23,2,21,14,22,6,3,25,14,13,10,Atlanta Hawks,2012-13
1610612738,Boston Celtics,81,41,40,0.506,3968.0,3001,6459,0.465,498,1390,0.358,1318,1698,0.776,654,2533,3187,1843,1181.0,667,365,378,1717,1574,7818,-18.0,29,16,16,16,11,18,29,6,25,27,15,20,23,6,30,13,29,15,11,13,23,10,25,19,20,16,10,Boston Celtics,2012-13
1610612751,Brooklyn Nets,82,49,33,0.598,3971.0,2942,6544,0.45,628,1760,0.357,1432,1958,0.731,1047,2460,3507,1668,1206.0,599,391,390,1500,1751,7944,146.0,1,8,9,9,7,26,26,13,9,8,17,10,7,24,4,21,10,27,17,19,18,12,4,5,17,10,10,Brooklyn Nets,2012-13
1610612766,Charlotte Hornets,82,21,61,0.256,3961.0,2823,6649,0.425,469,1399,0.335,1546,2060,0.75,917,2389,3306,1587,1153.0,591,479,565,1561,1746,7661,-757.0,1,29,29,29,16,30,20,30,27,26,27,4,5,18,16,28,27,29,8,22,6,30,10,6,26,30,10,Charlotte Bobcats,2012-13
1610612741,Chicago Bulls,82,45,37,0.549,3966.0,2926,6698,0.437,446,1265,0.353,1343,1738,0.773,1026,2514,3540,1886,1171.0,588,417,477,1617,1609,7641,26.0,1,11,11,11,12,27,14,25,29,29,21,17,19,9,6,14,8,8,10,23,15,22,12,17,29,14,10,Chicago Bulls,2012-13
1610612739,Cleveland Cavaliers,82,24,58,0.293,3946.0,2993,6901,0.434,547,1581,0.346,1380,1826,0.756,1004,2359,3363,1694,1149.0,647,334,560,1737,1615,7913,-384.0,1,28,28,28,26,20,6,29,17,17,23,13,15,14,7,30,22,26,7,17,29,29,27,16,18,26,10,Cleveland Cavaliers,2012-13
1610612742,Dallas Mavericks,82,41,41,0.5,3996.0,3182,6892,0.462,606,1628,0.372,1323,1669,0.793,767,2670,3437,1906,1144.0,648,454,340,1698,1547,8293,-49.0,1,16,17,17,1,3,8,8,12,14,6,19,25,2,26,6,16,5,5,16,8,5,23,24,8,17,10,Dallas Mavericks,2012-13
1610612743,Denver Nuggets,82,57,25,0.695,3981.0,3339,6983,0.478,521,1518,0.343,1505,2148,0.701,1092,2601,3693,2002,1253.0,762,533,554,1682,1775,8704,417.0,1,4,4,4,3,1,2,5,20,19,25,6,3,28,1,10,2,3,27,2,3,28,21,4,1,5,10,Denver Nuggets,2012-13
1610612765,Detroit Pistons,82,29,53,0.354,3961.0,2979,6638,0.449,513,1440,0.356,1307,1870,0.699,991,2463,3454,1742,1241.0,574,400,472,1623,1630,7778,-327.0,1,23,23,23,16,21,23,14,22,24,18,22,12,29,8,20,13,22,26,26,16,21,13,15,22,25,10,Detroit Pistons,2012-13
1610612744,Golden State Warriors,82,47,35,0.573,3961.0,3130,6840,0.458,658,1632,0.403,1378,1744,0.79,885,2801,3686,1845,1236.0,567,346,399,1753,1571,8296,73.0,1,10,10,10,16,6,9,11,8,13,1,14,18,4,22,1,3,14,24,27,27,15,29,20,7,12,10,Golden State Warriors,2012-13
1610612745,Houston Rockets,82,45,37,0.549,3956.0,3124,6782,0.461,867,2369,0.366,1573,2087,0.754,909,2652,3561,1902,1348.0,679,359,498,1662,1674,8688,285.0,1,11,11,11,21,9,10,9,2,2,9,3,4,17,17,7,7,6,30,9,24,26,18,9,2,9,10,Houston Rockets,2012-13
1610612754,Indiana Pacers,81,49,32,0.605,3918.0,2845,6525,0.436,555,1599,0.347,1429,1915,0.746,1043,2671,3714,1645,1227.0,580,513,459,1623,1777,7674,326.0,29,8,8,8,30,29,27,26,16,15,22,11,8,19,5,5,1,28,22,24,5,20,13,3,25,8,10,Indiana Pacers,2012-13
1610612746,Los Angeles Clippers,82,56,26,0.683,3946.0,3160,6608,0.478,627,1752,0.358,1342,1888,0.711,938,2475,3413,1958,1197.0,784,461,335,1716,1712,8289,529.0,1,5,5,5,26,4,24,4,10,9,16,18,9,27,15,17,18,4,14,1,7,4,24,7,9,3,10,Los Angeles Clippers,2012-13
1610612747,Los Angeles Lakers,82,45,37,0.549,3951.0,3041,6640,0.458,715,2015,0.355,1584,2289,0.692,942,2732,3674,1818,1232.0,576,429,396,1467,1891,8381,95.0,1,11,11,11,24,16,22,10,4,3,19,2,1,30,14,2,4,17,23,25,14,13,2,1,6,11,10,Los Angeles Lakers,2012-13
1610612763,Memphis Grizzlies,82,56,26,0.683,3961.0,2964,6679,0.444,382,1107,0.345,1349,1746,0.773,1059,2445,3504,1715,1144.0,703,436,450,1660,1643,7659,340.0,1,5,5,5,16,23,18,21,30,30,24,16,16,10,3,24,11,24,5,4,12,19,17,13,27,7,10,Memphis Grizzlies,2012-13
1610612748,Miami Heat,82,66,16,0.805,3976.0,3148,6348,0.496,717,1809,0.396,1423,1887,0.754,676,2490,3166,1890,1143.0,710,441,262,1533,1673,8436,645.0,1,1,1,1,4,5,30,1,3,6,2,12,10,16,28,16,30,7,4,3,10,1,8,10,5,2,10,Miami Heat,2012-13
1610612749,Milwaukee Bucks,82,38,44,0.463,3966.0,3128,7197,0.435,601,1670,0.36,1251,1700,0.736,1068,2537,3605,1876,1156.0,685,550,362,1554,1567,8108,-123.0,1,18,18,18,12,7,1,28,13,11,14,26,22,22,2,12,5,9,9,8,2,9,9,22,12,19,10,Milwaukee Bucks,2012-13
1610612750,Minnesota Timberwolves,82,31,51,0.378,3946.0,2943,6702,0.439,450,1475,0.305,1515,2042,0.742,973,2473,3446,1836,1214.0,700,387,481,1509,1847,7851,-194.0,1,22,22,22,26,25,13,24,28,21,30,5,6,21,11,19,14,16,20,5,19,24,6,2,19,20,10,Minnesota Timberwolves,2012-13
1610612740,New Orleans Pelicans,82,27,55,0.329,3956.0,2955,6589,0.448,535,1474,0.363,1269,1636,0.776,988,2426,3414,1721,1193.0,520,440,492,1673,1534,7714,-317.0,1,26,26,26,21,24,25,15,19,22,11,25,26,8,10,26,17,23,13,30,11,25,19,27,24,24,10,New Orleans Hornets,2012-13
1610612752,New York Knicks,82,54,28,0.659,3946.0,2996,6689,0.448,891,2371,0.376,1313,1729,0.759,890,2436,3326,1579,988.0,672,294,327,1650,1576,8196,347.0,1,7,7,7,26,19,16,18,1,1,5,21,20,13,19,25,26,30,1,11,30,3,15,18,11,6,10,New York Knicks,2012-13
1610612760,Oklahoma City Thunder,82,60,22,0.732,3966.0,3126,6504,0.481,598,1588,0.377,1819,2196,0.828,854,2725,3579,1753,1253.0,679,624,322,1654,1698,8669,755.0,1,2,2,2,12,8,28,3,14,16,3,1,2,1,25,3,6,21,27,9,1,2,16,8,3,1,10,Oklahoma City Thunder,2012-13
1610612753,Orlando Magic,82,20,62,0.244,3956.0,3093,6904,0.448,506,1537,0.329,1026,1359,0.755,890,2612,3502,1871,1191.0,528,358,430,1591,1353,7718,-573.0,1,30,30,30,21,10,4,17,24,18,29,29,30,15,19,9,12,10,12,29,25,18,11,29,23,29,10,Orlando Magic,2012-13
1610612755,Philadelphia 76ers,82,34,48,0.415,3951.0,3059,6895,0.444,518,1438,0.36,1004,1377,0.729,896,2493,3389,1867,1070.0,609,384,396,1505,1331,7640,-274.0,1,19,19,19,24,14,7,22,21,25,13,30,29,25,18,15,20,11,2,18,20,13,5,30,30,23,10,Philadelphia 76ers,2012-13
1610612756,Phoenix Suns,82,25,57,0.305,3961.0,3061,6917,0.443,480,1455,0.33,1203,1618,0.744,959,2454,3413,1855,1278.0,659,434,421,1688,1511,7805,-530.0,1,27,27,27,16,13,3,23,26,23,28,27,28,20,12,23,18,13,29,15,13,17,22,28,21,28,10,Phoenix Suns,2012-13
1610612757,Portland Trail Blazers,82,33,49,0.402,3971.0,3009,6715,0.448,673,1904,0.353,1304,1680,0.776,874,2474,3348,1784,1203.0,538,353,359,1518,1537,7995,-260.0,1,21,21,21,7,17,11,16,6,4,20,23,24,7,23,18,24,18,16,28,26,8,7,26,15,22,10,Portland Trail Blazers,2012-13
1610612758,Sacramento Kings,82,28,54,0.341,3966.0,3086,6904,0.447,610,1681,0.363,1437,1869,0.769,943,2385,3328,1708,1199.0,671,342,517,1717,1636,8219,-400.0,1,25,25,25,12,11,4,19,11,10,12,9,13,11,13,29,25,25,15,12,28,27,25,14,10,27,10,Sacramento Kings,2012-13
1610612759,San Antonio Spurs,82,58,24,0.707,3976.0,3210,6675,0.481,663,1764,0.376,1365,1725,0.791,666,2721,3387,2058,1206.0,695,446,405,1427,1565,8448,525.0,1,3,3,3,4,2,19,2,7,7,4,15,21,3,29,4,21,1,17,6,9,16,1,23,4,4,10,San Antonio Spurs,2012-13
1610612761,Toronto Raptors,82,34,48,0.415,3996.0,2979,6685,0.446,571,1665,0.343,1442,1831,0.788,871,2426,3297,1765,1124.0,595,392,387,1836,1650,7971,-121.0,1,19,19,19,1,21,17,20,15,12,26,7,14,5,24,26,28,20,3,21,17,11,30,12,16,18,10,Toronto Raptors,2012-13
1610612762,Utah Jazz,82,43,39,0.524,3976.0,3046,6710,0.454,507,1385,0.366,1439,1883,0.764,989,2457,3446,1859,1210.0,690,515,480,1750,1670,8038,-7.0,1,15,15,15,4,15,12,12,23,28,8,8,11,12,9,22,14,12,19,7,4,23,28,11,13,15,10,Utah Jazz,2012-13
1610612764,Washington Wizards,82,29,53,0.354,3971.0,2910,6693,0.435,545,1495,0.365,1279,1746,0.733,887,2652,3539,1775,1238.0,598,376,358,1681,1569,7644,-208.0,1,23,23,23,7,28,15,27,18,20,10,24,16,23,21,7,9,19,25,20,21,7,20,21,28,21,10,Washington Wizards,2012-13
1610612737,Atlanta Hawks,82,38,44,0.463,3966.0,3061,6688,0.458,768,2116,0.363,1392,1782,0.781,713,2565,3278,2041,1251.0,680,326,354,1577,1643,8282,-39.0,1,18,18,18,15,18,24,13,5,2,13,18,22,6,29,18,28,2,24,9,26,12,7,20,15,17,10,Atlanta Hawks,2013-14
1610612738,Boston Celtics,82,25,57,0.305,3946.0,2996,6883,0.435,575,1729,0.333,1325,1706,0.777,980,2505,3485,1726,1261.0,584,343,373,1743,1564,7892,-366.0,1,26,26,26,29,23,10,28,20,18,28,24,27,10,7,24,18,22,27,23,23,13,19,28,26,25,10,Boston Celtics,2013-14
1610612751,Brooklyn Nets,82,44,38,0.537,3976.0,2931,6391,0.459,709,1922,0.369,1508,2002,0.753,721,2407,3128,1714,1191.0,705,311,337,1777,1704,8079,-82.0,1,14,14,14,7,29,29,12,10,10,11,10,10,18,28,28,29,24,12,4,28,9,21,11,21,19,10,Brooklyn Nets,2013-14
1610612766,Charlotte Hornets,82,43,39,0.524,3981.0,2976,6730,0.442,516,1471,0.351,1474,2000,0.737,776,2724,3500,1778,1010.0,499,421,415,1493,1716,7942,-18.0,1,16,16,16,6,25,21,25,25,27,23,14,11,24,25,7,16,16,1,29,8,21,1,9,23,16,10,Charlotte Bobcats,2013-14
1610612741,Chicago Bulls,82,48,34,0.585,3986.0,2843,6577,0.432,508,1459,0.348,1486,1908,0.779,937,2683,3620,1860,1223.0,594,424,490,1565,1714,7680,152.0,1,11,11,11,4,30,27,30,26,28,24,12,15,7,11,9,10,10,18,21,7,28,4,10,30,13,10,Chicago Bulls,2013-14
1610612739,Cleveland Cavaliers,82,33,49,0.402,3986.0,3036,6955,0.437,584,1640,0.356,1398,1861,0.751,989,2629,3618,1738,1163.0,579,304,461,1640,1599,8054,-270.0,1,22,22,22,4,19,8,27,18,20,18,17,18,20,6,14,11,20,10,24,29,27,11,24,22,23,10,Cleveland Cavaliers,2013-14
1610612742,Dallas Mavericks,82,49,33,0.598,3966.0,3249,6858,0.474,721,1877,0.384,1378,1733,0.795,840,2514,3354,1935,1110.0,704,356,288,1636,1633,8597,197.0,1,10,10,10,15,2,11,4,8,12,2,20,23,3,22,23,26,6,3,5,21,4,10,21,8,12,10,Dallas Mavericks,2013-14
1610612743,Denver Nuggets,82,36,46,0.439,3950.985,3147,7042,0.447,702,1959,0.358,1563,2154,0.726,1009,2717,3726,1838,1305.0,615,459,459,1890,1778,8559,-176.0,1,20,20,20,28,11,5,19,11,9,15,8,5,27,4,8,2,12,28,18,4,24,30,7,9,20,10,Denver Nuggets,2013-14
1610612765,Detroit Pistons,82,29,53,0.354,3956.0,3182,7124,0.447,507,1580,0.321,1415,2111,0.67,1196,2525,3721,1714,1193.0,687,395,403,1666,1699,8286,-300.0,1,23,23,23,22,8,4,20,27,22,29,16,6,30,1,22,3,24,13,8,13,18,12,12,14,24,10,Detroit Pistons,2013-14
1610612744,Golden State Warriors,82,51,31,0.622,3966.0,3236,7005,0.462,774,2037,0.38,1303,1731,0.753,896,2819,3715,1912,1247.0,642,407,342,1784,1584,8549,394.0,1,8,8,8,15,3,6,9,2,6,4,26,24,19,17,2,5,7,22,13,10,10,22,26,10,4,10,Golden State Warriors,2013-14
1610612745,Houston Rockets,82,54,28,0.659,3966.0,3118,6603,0.472,779,2179,0.358,1814,2549,0.712,920,2797,3717,1755,1323.0,621,461,460,1676,1993,8829,374.0,1,5,5,5,15,15,26,5,1,1,16,1,1,28,15,3,4,18,29,17,3,26,15,1,2,6,10,Houston Rockets,2013-14
1610612754,Indiana Pacers,82,56,26,0.683,3956.0,2949,6573,0.449,550,1542,0.357,1485,1907,0.779,834,2831,3665,1651,1237.0,550,446,378,1675,1793,7933,361.0,1,4,4,4,22,28,28,17,22,25,17,13,16,8,23,1,8,27,19,27,5,14,13,6,24,7,10,Indiana Pacers,2013-14
1610612746,Los Angeles Clippers,82,57,25,0.695,3951.0,3208,6761,0.474,693,1966,0.352,1741,2384,0.73,858,2668,3526,2016,1136.0,703,397,284,1767,1919,8850,572.0,1,3,3,3,25,4,17,3,13,8,22,3,2,26,21,10,14,3,7,6,12,3,20,3,1,2,10,Los Angeles Clippers,2013-14
1610612747,Los Angeles Lakers,82,27,55,0.329,3941.0,3139,6980,0.45,774,2032,0.381,1390,1835,0.757,745,2620,3365,2006,1239.0,611,446,387,1627,1580,8442,-516.0,1,25,25,25,30,13,7,14,2,7,3,19,20,17,27,15,25,4,21,19,5,16,9,27,11,27,10,Los Angeles Lakers,2013-14
1610612763,Memphis Grizzlies,82,50,32,0.61,3961.0,3122,6723,0.464,405,1147,0.353,1235,1666,0.741,950,2526,3476,1792,1124.0,631,375,410,1568,1553,7884,129.0,1,9,9,9,20,14,22,7,30,30,19,30,29,23,9,21,19,14,4,14,16,19,5,29,27,14,10,Memphis Grizzlies,2013-14
1610612748,Miami Heat,82,54,28,0.659,3976.0,3142,6272,0.501,665,1829,0.364,1431,1884,0.76,627,2397,3024,1847,1212.0,732,367,256,1596,1675,8380,390.0,1,5,5,5,7,12,30,1,14,15,12,15,17,14,30,30,30,11,16,2,18,1,8,16,12,5,10,Miami Heat,2013-14
1610612749,Milwaukee Bucks,82,15,67,0.183,3976.0,2952,6737,0.438,548,1553,0.353,1377,1843,0.747,971,2399,3370,1760,1238.0,541,403,413,1713,1690,7829,-671.0,1,30,30,30,7,26,20,26,23,24,20,21,19,21,8,29,24,17,20,28,11,20,18,14,28,29,10,Milwaukee Bucks,2013-14
1610612750,Minnesota Timberwolves,82,40,42,0.488,3971.0,3189,7175,0.444,600,1757,0.341,1790,2301,0.778,1024,2644,3668,1963,1142.0,718,297,457,1504,1936,8768,219.0,1,17,17,17,10,7,1,23,17,16,26,2,3,9,2,13,6,5,8,3,30,23,3,2,3,10,10,Minnesota Timberwolves,2013-14
1610612740,New Orleans Pelicans,82,34,48,0.415,3971.0,3101,6761,0.459,486,1303,0.373,1489,1936,0.769,933,2486,3419,1745,1129.0,647,523,504,1857,1664,8177,-222.0,1,21,21,21,10,17,17,11,29,29,6,11,12,11,13,25,22,19,6,12,1,29,27,19,18,21,10,New Orleans Pelicans,2013-14
1610612752,New York Knicks,82,37,45,0.451,3971.0,3027,6739,0.449,759,2038,0.372,1271,1670,0.761,870,2437,3307,1641,1063.0,631,367,277,1815,1611,8084,-65.0,1,19,19,19,10,20,19,16,7,5,7,28,28,13,20,27,27,28,2,14,18,2,24,22,20,18,10,New York Knicks,2013-14
1610612760,Oklahoma City Thunder,82,59,23,0.72,3961.0,3194,6782,0.471,664,1839,0.361,1653,2052,0.806,887,2781,3668,1794,1256.0,678,501,296,1858,1672,8705,520.0,1,2,2,2,20,6,15,6,15,14,14,5,8,2,18,6,6,13,25,10,2,5,28,18,5,3,10,Oklahoma City Thunder,2013-14
1610612753,Orlando Magic,82,23,59,0.28,3991.0,3022,6784,0.445,563,1596,0.353,1307,1714,0.763,794,2654,3448,1726,1222.0,630,350,445,1678,1500,7914,-446.0,1,28,28,28,2,22,14,21,21,21,21,25,26,12,24,12,21,22,17,16,22,22,16,30,25,26,10,Orlando Magic,2013-14
1610612755,Philadelphia 76ers,82,19,63,0.232,3970.985,3108,7150,0.435,577,1847,0.312,1362,1918,0.71,949,2556,3505,1791,1384.0,765,330,558,1844,1686,8155,-857.0,1,29,29,29,14,16,2,29,19,13,30,22,14,29,10,19,15,15,30,1,25,30,25,15,19,30,10,Philadelphia 76ers,2013-14
1610612756,Phoenix Suns,82,48,34,0.585,3951.0,3172,6845,0.463,765,2055,0.372,1520,2004,0.758,928,2601,3529,1563,1258.0,688,374,332,1798,1749,8629,216.0,1,11,11,11,25,10,12,8,6,4,8,9,9,16,14,16,13,29,26,7,17,8,23,8,7,11,10,Phoenix Suns,2013-14
1610612757,Portland Trail Blazers,82,54,28,0.659,3971.0,3207,7134,0.45,770,2071,0.372,1569,1926,0.815,1022,2786,3808,1904,1125.0,454,387,304,1576,1698,8753,327.0,1,5,5,5,10,5,3,15,4,3,10,7,13,1,3,4,1,9,5,30,14,6,6,13,4,8,10,Portland Trail Blazers,2013-14
1610612758,Sacramento Kings,82,28,54,0.341,3966.0,3026,6766,0.447,491,1475,0.333,1698,2237,0.759,990,2656,3646,1547,1249.0,587,318,459,1849,1897,8241,-238.0,1,24,24,24,15,21,16,18,28,26,27,4,4,15,5,11,9,30,23,22,27,24,26,4,17,22,10,Sacramento Kings,2013-14
1610612759,San Antonio Spurs,82,62,20,0.756,3951.0,3326,6844,0.486,698,1757,0.397,1289,1642,0.785,762,2786,3548,2064,1180.0,604,420,379,1495,1585,8639,633.0,1,1,1,1,25,1,13,2,12,16,1,27,30,4,26,4,12,1,11,20,9,15,2,25,6,1,10,San Antonio Spurs,2013-14
1610612761,Toronto Raptors,82,48,34,0.585,3991.0,2992,6718,0.445,713,1917,0.372,1608,2055,0.782,935,2552,3487,1737,1159.0,577,343,352,1882,1815,8305,266.0,1,11,11,11,2,24,23,22,9,11,9,6,7,5,12,20,17,21,9,25,23,11,29,5,13,9,10,Toronto Raptors,2013-14
1610612762,Utah Jazz,82,25,57,0.305,3956.0,2951,6652,0.444,543,1577,0.344,1346,1803,0.747,904,2477,3381,1664,1200.0,570,366,401,1699,1673,7791,-588.0,1,26,26,26,22,27,25,24,24,23,25,23,21,22,16,26,23,26,14,26,20,17,17,17,29,28,10,Utah Jazz,2013-14
1610612764,Washington Wizards,82,44,38,0.537,4011.0,3177,6920,0.459,647,1704,0.38,1253,1715,0.731,886,2573,3459,1909,1204.0,668,377,320,1675,1600,8254,104.0,1,14,14,14,1,9,9,10,16,19,5,29,25,25,19,17,20,8,15,11,15,7,13,23,16,15,10,Washington Wizards,2013-14
1610612737,Atlanta Hawks,82,60,22,0.732,3946.0,3121,6699,0.466,818,2152,0.38,1349,1735,0.778,715,2611,3326,2111,1167.0,744,380,404,1457,1611,8409,445.0,1,2,2,2,26,10,27,4,5,7,2,19,24,5,30,22,28,2,16,5,15,18,1,20,10,4,10,Atlanta Hawks,2014-15
1610612738,Boston Celtics,82,40,42,0.488,3976.0,3193,7211,0.443,660,2021,0.327,1266,1678,0.754,910,2685,3595,2009,1133.0,674,294,431,1738,1545,8312,13.0,1,16,16,16,8,5,1,21,13,13,27,28,27,14,12,11,13,4,10,8,30,21,20,26,13,18,10,Boston Celtics,2014-15
1610612751,Brooklyn Nets,82,38,44,0.463,3986.0,3069,6804,0.451,541,1633,0.331,1359,1817,0.748,846,2627,3473,1716,1133.0,576,340,372,1579,1641,8038,-236.0,1,18,18,18,3,18,17,16,24,20,26,18,18,20,24,17,22,20,10,23,25,11,11,18,21,22,10,Brooklyn Nets,2014-15
1610612766,Charlotte Hornets,82,33,49,0.402,3981.0,2913,6932,0.42,498,1566,0.318,1397,1867,0.748,820,2793,3613,1654,976.0,499,448,440,1494,1708,7721,-260.0,1,22,22,22,6,26,10,29,26,24,30,13,15,19,26,6,10,28,1,30,7,23,2,9,28,23,10,Charlotte Hornets,2014-15
1610612741,Chicago Bulls,82,50,32,0.61,3976.0,3001,6797,0.442,645,1825,0.353,1618,2067,0.783,959,2792,3751,1781,1145.0,514,476,443,1495,1736,8265,246.0,1,9,9,9,8,23,18,22,15,16,10,3,4,3,6,7,3,14,12,28,5,25,4,6,15,10,10,Chicago Bulls,2014-15
1610612739,Cleveland Cavaliers,82,53,29,0.646,3956.0,3089,6739,0.458,826,2253,0.367,1453,1934,0.751,911,2612,3523,1814,1171.0,603,340,368,1510,1685,8457,367.0,1,7,7,7,23,15,24,8,4,2,5,9,12,18,11,21,18,10,17,19,25,10,5,11,8,5,10,Cleveland Cavaliers,2014-15
1610612742,Dallas Mavericks,82,50,32,0.61,3976.0,3255,7036,0.463,732,2082,0.352,1386,1843,0.752,858,2608,3466,1846,1062.0,663,371,314,1644,1816,8628,238.0,1,9,9,9,8,2,8,5,7,8,13,15,16,16,20,23,23,8,4,10,20,4,15,2,3,11,10,Dallas Mavericks,2014-15
1610612743,Denver Nuggets,82,30,52,0.366,3976.0,3099,7158,0.433,660,2032,0.325,1462,1991,0.734,1012,2653,3665,1788,1166.0,641,367,504,1882,1698,8320,-291.0,1,24,24,24,8,13,2,26,13,12,28,8,8,24,3,12,7,13,15,14,21,29,30,10,12,24,10,Denver Nuggets,2014-15
1610612765,Detroit Pistons,82,32,50,0.39,3966.0,3041,7038,0.432,703,2043,0.344,1292,1838,0.703,1051,2630,3681,1771,1099.0,623,383,391,1559,1584,8077,-82.0,1,23,23,23,18,20,6,27,9,11,18,26,17,29,2,16,4,16,8,16,13,15,7,24,18,20,10,Detroit Pistons,2014-15
1610612744,Golden State Warriors,82,67,15,0.817,3946.0,3410,7137,0.478,883,2217,0.398,1313,1709,0.768,853,2814,3667,2248,1185.0,762,496,293,1628,1541,9016,828.0,1,1,1,1,26,1,3,1,2,4,1,23,26,9,23,4,6,1,18,4,2,2,13,27,1,1,10,Golden State Warriors,2014-15
1610612745,Houston Rockets,82,56,26,0.683,3961.0,3032,6832,0.444,933,2680,0.348,1525,2133,0.715,958,2624,3582,1820,1366.0,777,407,437,1803,1730,8522,282.0,1,3,3,3,20,21,12,20,1,1,14,5,2,27,7,18,14,9,28,3,10,22,27,7,6,7,10,Houston Rockets,2014-15
1610612754,Indiana Pacers,82,38,44,0.463,3971.0,2998,6824,0.439,612,1740,0.352,1373,1817,0.756,856,2822,3678,1757,1147.0,505,375,386,1742,1754,7981,23.0,1,18,18,18,13,24,15,23,17,18,12,16,18,13,21,3,5,18,14,29,17,14,22,4,24,16,10,Indiana Pacers,2014-15
1610612746,Los Angeles Clippers,82,56,26,0.683,3946.0,3228,6830,0.473,827,2202,0.376,1468,2067,0.71,784,2711,3495,2031,1012.0,640,409,245,1749,1766,8751,540.0,1,3,3,3,26,3,13,2,3,5,3,7,4,28,28,10,20,3,2,15,9,1,24,3,2,2,10,Los Angeles Clippers,2014-15
1610612747,Los Angeles Lakers,82,21,61,0.256,3986.0,3054,7020,0.435,532,1546,0.344,1433,1935,0.741,952,2647,3599,1715,1086.0,578,366,396,1741,1589,8073,-561.0,1,27,27,27,3,19,9,25,25,25,17,12,11,23,8,13,12,21,5,22,22,17,21,23,19,27,10,Los Angeles Lakers,2014-15
1610612763,Memphis Grizzlies,82,55,27,0.671,3981.0,3097,6763,0.458,423,1246,0.339,1445,1869,0.773,856,2634,3490,1777,1094.0,700,347,424,1567,1662,8062,266.0,1,5,5,5,6,14,23,9,29,29,22,10,14,7,21,15,21,15,7,6,24,20,9,15,20,8,10,Memphis Grizzlies,2014-15
1610612748,Miami Heat,82,37,45,0.451,3946.0,2885,6330,0.456,556,1659,0.335,1438,1940,0.741,747,2461,3208,1626,1214.0,642,372,359,1636,1715,7764,-213.0,1,21,21,21,26,28,30,11,21,19,24,11,10,22,29,28,30,30,21,13,18,8,14,8,27,21,10,Miami Heat,2014-15
1610612749,Milwaukee Bucks,82,41,41,0.5,3986.0,3083,6722,0.459,545,1500,0.363,1312,1734,0.757,876,2574,3450,1932,1373.0,789,403,392,1814,1649,8023,35.0,1,15,15,15,3,16,26,7,23,26,7,24,25,12,17,25,24,7,29,1,11,16,28,17,22,15,10,Milwaukee Bucks,2014-15
1610612750,Minnesota Timberwolves,82,16,66,0.195,3961.0,2986,6820,0.438,406,1223,0.332,1638,2110,0.776,949,2406,3355,1771,1231.0,668,327,449,1571,1751,8016,-721.0,1,30,30,30,20,25,16,24,30,30,25,2,3,6,9,30,27,16,23,9,27,26,10,5,23,28,10,Minnesota Timberwolves,2014-15
1610612740,New Orleans Pelicans,82,45,37,0.549,3956.0,3108,6795,0.457,586,1583,0.37,1345,1790,0.751,942,2621,3563,1806,1087.0,553,510,475,1530,1533,8147,65.0,1,13,13,13,23,11,19,10,19,23,4,20,20,17,10,19,16,11,6,25,1,28,6,29,16,13,10,New Orleans Pelicans,2014-15
1610612752,New York Knicks,82,17,65,0.207,3971.0,2882,6726,0.428,560,1614,0.347,1211,1575,0.769,867,2443,3310,1746,1206.0,575,382,353,1768,1564,7535,-764.0,1,29,29,29,13,29,25,28,20,21,15,29,29,8,18,29,29,19,20,24,14,7,25,25,30,30,10,New York Knicks,2014-15
1610612760,Oklahoma City Thunder,82,45,37,0.549,3966.0,3184,7119,0.447,632,1864,0.339,1524,2020,0.754,1052,2844,3896,1681,1205.0,598,454,377,1829,1675,8524,179.0,1,13,13,13,18,6,4,18,16,14,23,6,6,15,1,2,1,25,19,21,6,12,29,12,5,12,10,Oklahoma City Thunder,2014-15
1610612753,Orlando Magic,82,25,57,0.305,3951.0,3076,6792,0.453,554,1598,0.347,1141,1565,0.729,822,2607,3429,1692,1221.0,647,314,441,1714,1467,7847,-469.0,1,26,26,26,25,17,20,14,22,22,16,30,30,25,25,24,25,23,22,12,29,24,19,30,25,26,10,Orlando Magic,2014-15
1610612755,Philadelphia 76ers,82,18,64,0.22,3961.0,2765,6777,0.408,692,2160,0.32,1320,1953,0.676,978,2536,3514,1683,1453.0,789,487,454,1778,1657,7542,-736.0,1,28,28,28,20,30,22,30,11,6,29,22,9,30,5,26,19,24,30,1,4,27,26,16,29,29,10,Philadelphia 76ers,2014-15
1610612756,Phoenix Suns,82,39,43,0.476,3976.0,3178,7038,0.452,698,2048,0.341,1343,1767,0.76,896,2643,3539,1659,1238.0,700,385,337,1744,1664,8397,-74.0,1,17,17,17,8,7,6,15,10,10,21,21,21,11,13,14,17,27,25,6,12,5,23,14,11,19,10,Phoenix Suns,2014-15
1610612757,Portland Trail Blazers,82,51,31,0.622,3971.0,3175,7049,0.45,807,2231,0.362,1272,1589,0.801,879,2881,3760,1799,1117.0,525,372,297,1494,1534,8429,347.0,1,8,8,8,13,8,5,17,6,3,8,27,28,1,16,1,2,12,9,27,18,3,2,28,9,6,10,Portland Trail Blazers,2014-15
1610612758,Sacramento Kings,82,29,53,0.354,3971.0,3010,6617,0.455,461,1350,0.341,1829,2400,0.762,895,2728,3623,1667,1333.0,550,324,508,1696,1958,8310,-304.0,1,25,25,25,13,22,28,13,28,28,20,1,1,10,14,9,9,26,27,26,28,30,16,1,14,25,10,Sacramento Kings,2014-15
1610612759,San Antonio Spurs,82,55,27,0.671,3991.0,3208,6854,0.468,677,1847,0.367,1368,1754,0.78,806,2772,3578,2000,1146.0,657,444,362,1564,1613,8461,508.0,1,5,5,5,1,4,11,3,12,15,6,17,23,4,27,8,15,5,13,11,8,9,8,19,7,3,10,San Antonio Spurs,2014-15
1610612761,Toronto Raptors,82,49,33,0.598,3971.0,3108,6829,0.455,726,2060,0.352,1585,2014,0.787,881,2526,3407,1701,1057.0,615,357,413,1712,1668,8527,252.0,1,11,11,11,13,11,14,12,8,9,11,4,7,2,15,27,26,22,3,18,23,19,18,13,4,9,10,Toronto Raptors,2014-15
1610612762,Utah Jazz,82,38,44,0.463,3941.0,2900,6492,0.447,610,1781,0.343,1391,1929,0.721,988,2617,3605,1632,1256.0,623,489,382,1583,1604,7801,18.0,1,18,18,18,30,27,29,19,18,17,19,14,13,26,4,20,11,29,26,16,3,13,12,22,26,17,10,Utah Jazz,2014-15
1610612764,Washington Wizards,82,46,36,0.561,3991.0,3139,6790,0.462,497,1381,0.36,1305,1758,0.742,862,2801,3663,1969,1233.0,601,378,350,1707,1610,8080,59.0,1,12,12,12,1,9,21,6,27,27,9,25,22,21,19,5,8,6,24,20,16,6,17,21,17,14,10,Washington Wizards,2014-15
1610612737,Atlanta Hawks,82,48,34,0.585,3966.0,3168,6923,0.458,815,2326,0.35,1282,1638,0.783,679,2772,3451,2100,1226.0,747,486,411,1570,1500,8433,296.0,1,7,7,7,11,9,15,11,6,7,15,29,30,8,30,13,24,2,22,3,5,14,7,29,12,7,10,Atlanta Hawks,2015-16
1610612738,Boston Celtics,82,48,34,0.585,3956.0,3216,7318,0.439,717,2142,0.335,1520,1929,0.788,950,2733,3683,1981,1127.0,752,348,450,1796,1718,8669,263.0,1,7,7,7,23,7,1,24,12,11,28,8,12,6,3,15,6,6,12,2,22,24,29,10,5,8,10,Boston Celtics,2015-16
1610612751,Brooklyn Nets,82,21,61,0.256,3951.0,3136,6920,0.453,531,1508,0.352,1286,1699,0.757,863,2614,3477,1829,1212.0,627,332,430,1476,1510,8089,-603.0,1,28,28,28,26,17,17,13,26,27,13,27,27,18,14,25,23,15,19,19,25,18,2,28,26,28,10,Brooklyn Nets,2015-16
1610612766,Charlotte Hornets,82,48,34,0.585,3971.0,3036,6922,0.439,873,2410,0.362,1534,1941,0.79,734,2869,3603,1778,1029.0,595,438,448,1487,1670,8479,223.0,1,7,7,7,9,24,16,27,4,4,8,7,11,5,28,4,14,19,1,22,12,21,3,14,11,9,10,Charlotte Hornets,2015-16
1610612741,Chicago Bulls,82,42,40,0.512,3981.0,3165,7170,0.441,651,1753,0.371,1354,1720,0.787,907,2889,3796,1870,1141.0,495,470,465,1545,1535,8335,-121.0,1,14,14,14,3,11,2,22,21,24,3,23,26,7,9,3,3,12,13,29,8,27,5,26,21,18,10,Chicago Bulls,2015-16
1610612739,Cleveland Cavaliers,82,57,25,0.695,3971.0,3171,6888,0.46,880,2428,0.362,1333,1783,0.748,873,2777,3650,1861,1114.0,551,317,362,1666,1690,8555,492.0,1,3,3,3,9,8,19,10,2,3,7,26,24,21,12,11,9,13,10,28,27,7,14,12,8,4,10,Cleveland Cavaliers,2015-16
1610612742,Dallas Mavericks,82,42,40,0.512,4001.0,3064,6900,0.444,806,2342,0.344,1454,1831,0.794,751,2781,3532,1813,1047.0,560,306,363,1595,1757,8388,-25.0,1,14,14,14,1,22,18,20,7,5,23,12,21,3,26,9,19,18,2,26,29,8,8,8,16,16,10,Dallas Mavericks,2015-16
1610612743,Denver Nuggets,82,33,49,0.402,3966.0,3093,7003,0.442,656,1943,0.338,1513,1974,0.766,941,2718,3659,1858,1202.0,609,395,517,1723,1712,8355,-254.0,1,21,21,21,11,21,12,21,20,18,26,10,10,14,6,19,8,14,18,20,16,30,23,11,20,23,10,Denver Nuggets,2015-16
1610612765,Detroit Pistons,82,44,38,0.537,3976.0,3111,7087,0.439,740,2148,0.345,1399,2095,0.668,1021,2777,3798,1594,1110.0,573,304,366,1557,1773,8361,50.0,1,12,12,12,5,18,5,25,10,10,22,20,5,30,2,11,2,27,9,24,30,9,6,5,19,14,10,Detroit Pistons,2015-16
1610612744,Golden State Warriors,82,73,9,0.89,3976.0,3489,7159,0.487,1077,2592,0.416,1366,1790,0.763,816,2972,3788,2373,1245.0,689,498,336,1701,1627,9421,882.0,1,1,1,1,5,1,3,1,1,1,1,22,23,16,21,1,4,1,24,9,2,3,19,19,1,1,10,Golden State Warriors,2015-16
1610612745,Houston Rockets,82,41,41,0.5,3966.0,3094,6847,0.452,878,2533,0.347,1671,2407,0.694,930,2601,3531,1821,1307.0,821,430,404,1790,1847,8737,16.0,1,17,17,17,11,20,23,14,3,2,19,3,1,27,7,27,20,16,27,1,13,13,28,1,4,15,10,Houston Rockets,2015-16
1610612754,Indiana Pacers,82,45,37,0.549,3976.0,3142,6985,0.45,663,1889,0.351,1430,1872,0.764,847,2779,3626,1741,1219.0,742,391,366,1641,1676,8377,140.0,1,11,11,11,5,15,13,17,18,20,14,14,17,15,17,10,12,22,20,4,17,9,11,13,17,11,10,Indiana Pacers,2015-16
1610612746,Los Angeles Clippers,82,53,29,0.646,3966.0,3141,6759,0.465,797,2190,0.364,1490,2152,0.692,721,2727,3448,1873,1063.0,709,460,259,1746,1842,8569,351.0,1,6,6,6,11,16,25,6,8,9,6,11,4,29,29,17,25,11,3,7,10,1,24,2,7,6,10,LA Clippers,2015-16
1610612747,Los Angeles Lakers,82,17,65,0.207,3946.0,2880,6956,0.414,639,2016,0.317,1583,2028,0.781,878,2645,3523,1478,1124.0,593,337,458,1662,1573,7982,-784.0,1,29,29,29,28,30,14,30,22,13,30,6,8,11,11,24,21,30,11,23,24,25,13,24,30,29,10,Los Angeles Lakers,2015-16
1610612763,Memphis Grizzlies,82,42,40,0.512,3966.0,3019,6859,0.44,504,1521,0.331,1584,2024,0.783,916,2497,3413,1697,1090.0,724,350,469,1783,1732,8126,-184.0,1,14,14,14,11,26,22,23,27,25,29,5,9,9,8,30,28,25,6,6,21,29,27,9,24,20,10,Memphis Grizzlies,2015-16
1610612748,Miami Heat,82,48,34,0.585,3966.0,3150,6697,0.47,498,1480,0.336,1406,1889,0.744,807,2811,3618,1709,1155.0,553,531,337,1502,1608,8204,135.0,1,7,7,7,11,13,27,4,28,28,27,18,14,23,22,6,13,23,14,27,1,4,4,20,23,12,10,Miami Heat,2015-16
1610612749,Milwaukee Bucks,82,33,49,0.402,3966.0,3145,6740,0.467,440,1277,0.345,1392,1863,0.747,858,2559,3417,1895,1247.0,672,475,462,1695,1600,8122,-343.0,1,21,21,21,11,14,26,5,30,30,21,21,18,22,15,29,27,9,25,13,7,26,17,21,25,26,10,Milwaukee Bucks,2015-16
1610612750,Minnesota Timberwolves,82,29,53,0.354,3976.0,3095,6668,0.464,455,1347,0.338,1753,2213,0.792,821,2587,3408,1916,1231.0,656,375,427,1696,1768,8398,-290.0,1,26,26,26,5,19,29,7,29,29,25,1,2,4,20,28,29,8,23,14,19,17,18,7,15,24,10,Minnesota Timberwolves,2015-16
1610612740,New Orleans Pelicans,82,30,52,0.366,3956.0,3153,7040,0.448,702,1951,0.36,1415,1823,0.776,782,2712,3494,1818,1102.0,633,342,423,1713,1630,8423,-311.0,1,25,25,25,23,12,8,19,15,16,9,16,22,13,23,20,22,17,8,16,23,15,22,17,13,25,10,New Orleans Pelicans,2015-16
1610612752,New York Knicks,82,32,50,0.39,3961.0,3022,6886,0.439,610,1762,0.346,1411,1753,0.805,850,2788,3638,1682,1099.0,467,466,343,1616,1520,8065,-224.0,1,24,24,24,19,25,21,26,24,23,20,17,25,1,16,7,10,26,7,30,9,5,10,27,27,22,10,New York Knicks,2015-16
1610612760,Oklahoma City Thunder,82,55,27,0.671,3966.0,3372,7082,0.476,678,1945,0.349,1616,2067,0.782,1071,2916,3987,1883,1305.0,603,487,373,1691,1653,9038,597.0,1,5,5,5,11,2,7,3,17,17,17,4,7,10,1,2,1,10,26,21,4,11,16,15,2,3,10,Oklahoma City Thunder,2015-16
1610612753,Orlando Magic,82,35,47,0.427,3981.0,3242,7120,0.455,636,1818,0.35,1249,1649,0.757,843,2709,3552,1933,1155.0,673,417,448,1701,1497,8369,-133.0,1,20,20,20,3,5,4,12,23,22,16,30,29,17,18,21,17,7,14,12,15,21,19,30,18,19,10,Orlando Magic,2015-16
1610612755,Philadelphia 76ers,82,10,72,0.122,3961.0,2970,6887,0.431,764,2255,0.339,1284,1850,0.694,777,2605,3382,1765,1343.0,680,495,466,1780,1571,7988,-839.0,1,30,30,30,19,28,20,29,9,8,24,28,19,28,24,26,30,20,29,10,3,28,25,25,29,30,10,Philadelphia 76ers,2015-16
1610612756,Phoenix Suns,82,23,59,0.28,3941.0,3051,7018,0.435,738,2118,0.348,1431,1905,0.751,943,2733,3676,1701,1410.0,632,313,449,1858,1770,8271,-546.0,1,27,27,27,29,23,11,28,11,12,18,13,13,20,5,15,7,24,30,17,28,23,30,6,22,27,10,Phoenix Suns,2015-16
1610612757,Portland Trail Blazers,82,44,38,0.537,3961.0,3167,7040,0.45,864,2336,0.37,1424,1889,0.754,948,2782,3730,1748,1200.0,562,380,424,1782,1597,8622,68.0,1,12,12,12,19,10,8,16,5,6,4,15,14,19,4,8,5,21,17,25,18,16,26,22,6,13,10,Portland Trail Blazers,2015-16
1610612758,Sacramento Kings,82,33,49,0.402,3961.0,3283,7083,0.464,660,1839,0.359,1514,2089,0.725,868,2760,3628,2009,1326.0,733,368,437,1676,1800,8740,-203.0,1,21,21,21,19,4,6,8,19,21,10,9,6,26,13,14,11,4,28,5,20,19,15,4,3,21,10,Sacramento Kings,2015-16
1610612759,San Antonio Spurs,82,67,15,0.817,3941.0,3289,6797,0.484,570,1518,0.375,1342,1672,0.803,770,2831,3601,2010,1071.0,677,485,317,1433,1597,8490,872.0,1,2,2,2,29,3,24,2,25,26,2,25,28,2,25,5,15,3,4,11,6,2,1,22,10,2,10,San Antonio Spurs,2015-16
1610612761,Toronto Raptors,82,56,26,0.683,3956.0,3006,6669,0.451,708,1915,0.37,1702,2190,0.777,836,2724,3560,1536,1073.0,636,449,442,1610,1801,8422,369.0,1,4,4,4,23,27,28,15,14,19,5,2,3,12,19,18,16,29,5,15,11,20,9,3,14,5,10,Toronto Raptors,2015-16
1610612762,Utah Jazz,82,40,42,0.488,3991.0,2957,6593,0.449,694,1956,0.355,1402,1885,0.744,880,2665,3545,1554,1224.0,631,425,385,1655,1629,8010,147.0,1,19,19,19,2,29,30,18,16,15,12,19,16,24,10,23,18,28,21,18,14,12,12,18,28,10,10,Utah Jazz,2015-16
1610612764,Washington Wizards,82,41,41,0.5,3951.0,3238,7033,0.46,709,1983,0.358,1349,1849,0.73,743,2688,3431,2005,1186.0,708,323,356,1708,1651,8534,-41.0,1,17,17,17,26,6,10,9,13,14,11,24,20,25,27,22,26,5,16,8,26,6,21,16,9,17,10,Washington Wizards,2015-16
1610612737,Atlanta Hawks,82,43,39,0.524,3976.0,3123,6918,0.451,729,2137,0.341,1484,2039,0.728,842,2793,3635,1938,1294.0,672,397,424,1491,1768,8459,-70.0,1,11,11,11,4,23,22,18,20,16,23,13,5,28,14,10,9,10,28,7,14,22,6,3,22,19,10,Atlanta Hawks,2016-17
1610612738,Boston Celtics,82,53,29,0.646,3951.0,3168,6977,0.454,985,2741,0.359,1536,1903,0.807,743,2698,3441,2069,1088.0,617,340,425,1686,1664,8857,216.0,1,4,4,4,25,21,18,16,3,3,14,10,15,3,22,22,27,4,8,18,23,23,21,11,7,8,10,Boston Celtics,2016-17
1610612751,Brooklyn Nets,82,20,62,0.244,3951.0,3102,6987,0.444,877,2591,0.338,1592,2020,0.788,721,2879,3600,1756,1356.0,593,387,457,1726,1671,8673,-552.0,1,30,30,30,25,25,17,24,6,4,26,4,7,9,26,1,10,20,29,21,18,30,25,9,12,29,10,Brooklyn Nets,2016-17
1610612766,Charlotte Hornets,82,36,46,0.439,3966.0,3093,7000,0.442,824,2347,0.351,1591,1953,0.815,721,2853,3574,1891,942.0,571,390,450,1360,1631,8601,16.0,1,20,20,20,10,26,15,26,11,9,18,5,10,1,26,4,16,11,1,27,17,28,1,15,16,15,10,Charlotte Hornets,2016-17
1610612741,Chicago Bulls,82,41,41,0.5,3956.0,3169,7141,0.444,623,1831,0.34,1474,1848,0.798,999,2797,3796,1851,1112.0,643,393,378,1455,1541,8435,35.0,1,15,15,15,18,20,8,25,28,29,24,15,19,6,2,9,3,14,12,15,16,12,2,25,23,14,10,Chicago Bulls,2016-17
1610612739,Cleveland Cavaliers,82,51,31,0.622,3976.0,3275,6963,0.47,1067,2779,0.384,1431,1913,0.748,766,2821,3587,1858,1121.0,539,327,349,1486,1690,9048,261.0,1,5,5,5,4,5,19,5,2,2,2,19,13,23,21,7,12,13,14,30,25,8,4,6,4,7,10,Cleveland Cavaliers,2016-17
1610612742,Dallas Mavericks,82,33,49,0.402,3956.0,2968,6750,0.44,878,2473,0.355,1215,1516,0.801,647,2516,3163,1705,972.0,614,307,280,1567,1591,8029,-240.0,1,22,22,22,18,30,27,29,5,6,16,29,30,4,30,30,30,27,2,19,30,2,9,21,30,23,10,Dallas Mavericks,2016-17
1610612743,Denver Nuggets,82,40,42,0.488,3951.0,3377,7194,0.469,870,2365,0.368,1537,1986,0.774,966,2837,3803,2077,1226.0,568,323,404,1567,1653,9161,42.0,1,18,18,18,25,3,4,6,7,8,11,9,8,17,5,6,2,2,23,28,27,15,9,13,3,12,10,Denver Nuggets,2016-17
1610612765,Detroit Pistons,82,37,45,0.451,3961.0,3269,7282,0.449,631,1915,0.33,1140,1586,0.719,908,2838,3746,1732,973.0,574,310,339,1467,1434,8309,-92.0,1,19,19,19,13,7,1,22,27,26,28,30,29,29,8,5,4,24,3,25,29,6,3,30,26,21,10,Detroit Pistons,2016-17
1610612744,Golden State Warriors,82,67,15,0.817,3956.0,3532,7140,0.495,982,2562,0.383,1457,1850,0.788,770,2873,3643,2491,1211.0,785,555,313,1585,1588,9503,954.0,1,1,1,1,18,1,9,1,4,5,3,17,18,11,20,3,7,1,22,1,1,4,12,22,1,1,10,Golden State Warriors,2016-17
1610612745,Houston Rockets,82,55,27,0.671,3956.0,3305,7152,0.462,1181,3306,0.357,1667,2177,0.766,892,2746,3638,2070,1240.0,670,352,409,1634,1674,9458,473.0,1,3,3,3,18,4,7,12,1,1,15,2,1,20,9,15,8,3,25,8,20,17,15,8,2,3,10,Houston Rockets,2016-17
1610612754,Indiana Pacers,82,42,40,0.512,3971.0,3221,6931,0.465,709,1885,0.376,1467,1811,0.81,742,2702,3444,1844,1130.0,669,409,407,1597,1599,8618,-18.0,1,13,13,13,7,15,20,10,23,27,4,16,23,2,23,21,26,16,16,9,9,16,13,20,15,17,10,Indiana Pacers,2016-17
1610612746,Los Angeles Clippers,82,51,31,0.622,3951.0,3242,6820,0.475,841,2245,0.375,1586,2128,0.745,738,2790,3528,1848,1062.0,612,347,258,1626,1835,8911,352.0,1,5,5,5,25,10,26,2,9,11,7,6,3,27,24,11,21,15,7,20,21,1,14,1,6,4,10,LA Clippers,2016-17
1610612747,Los Angeles Lakers,82,26,56,0.317,3941.0,3224,7164,0.45,730,2110,0.346,1397,1853,0.754,933,2636,3569,1716,1243.0,674,320,440,1698,1520,8575,-564.0,1,28,28,28,30,13,6,21,19,19,22,23,17,21,7,26,17,26,26,5,28,26,22,28,17,30,10,Los Angeles Lakers,2016-17
1610612763,Memphis Grizzlies,82,43,39,0.524,3981.0,2984,6854,0.435,767,2169,0.354,1504,1918,0.784,886,2621,3507,1744,1059.0,653,344,410,1840,1708,8239,40.0,1,11,11,11,2,29,25,30,15,14,17,12,12,13,10,27,24,21,6,13,22,18,29,4,29,13,10,Memphis Grizzlies,2016-17
1610612748,Miami Heat,82,41,41,0.5,3956.0,3202,7037,0.455,808,2213,0.365,1248,1768,0.706,872,2705,3577,1742,1102.0,588,469,398,1680,1530,8460,87.0,1,15,15,15,18,18,14,15,12,12,12,28,26,30,11,20,15,22,11,22,3,14,20,27,21,10,10,Miami Heat,2016-17
1610612749,Milwaukee Bucks,82,42,40,0.512,3956.0,3182,6715,0.474,720,1946,0.37,1413,1839,0.768,723,2589,3312,1984,1145.0,666,436,375,1660,1579,8497,-15.0,1,13,13,13,18,19,29,4,22,24,10,21,20,19,25,28,29,5,18,10,6,9,17,24,20,16,10,Milwaukee Bucks,2016-17
1610612750,Minnesota Timberwolves,82,31,51,0.378,3961.0,3235,6922,0.467,601,1723,0.349,1586,1986,0.799,938,2540,3478,1940,1150.0,654,370,413,1646,1681,8657,-91.0,1,24,24,24,13,12,21,8,30,30,20,6,8,5,6,29,25,9,19,12,19,19,16,7,13,20,10,Minnesota Timberwolves,2016-17
1610612740,New Orleans Pelicans,82,34,48,0.415,3981.0,3210,7130,0.45,768,2196,0.35,1368,1825,0.75,703,2879,3582,1869,1054.0,638,453,348,1490,1581,8556,-172.0,1,21,21,21,2,17,12,20,14,13,19,25,21,22,29,1,13,12,5,16,5,7,5,23,18,22,10,New Orleans Pelicans,2016-17
1610612752,New York Knicks,82,31,51,0.378,3971.0,3244,7256,0.447,704,2022,0.348,1364,1731,0.788,983,2723,3706,1786,1139.0,581,455,377,1668,1516,8556,-301.0,1,24,24,24,7,8,3,23,24,21,21,26,28,10,3,17,5,19,17,23,4,10,19,29,18,24,10,New York Knicks,2016-17
1610612760,Oklahoma City Thunder,82,47,35,0.573,3961.0,3237,7169,0.452,692,2116,0.327,1575,2113,0.745,1002,2821,3823,1721,1230.0,648,408,450,1715,1697,8741,62.0,1,10,10,10,13,11,5,17,26,18,30,8,4,26,1,7,1,25,24,14,10,28,24,5,11,11,10,Oklahoma City Thunder,2016-17
1610612753,Orlando Magic,82,29,53,0.354,3961.0,3139,7133,0.44,701,2139,0.328,1309,1753,0.747,807,2734,3541,1820,1091.0,580,396,419,1584,1532,8288,-539.0,1,26,26,26,13,22,11,28,25,15,29,27,27,25,17,16,20,18,9,24,15,20,11,26,27,28,10,Orlando Magic,2016-17
1610612755,Philadelphia 76ers,82,28,54,0.341,3966.0,3088,6992,0.442,831,2443,0.34,1393,1806,0.771,807,2706,3513,1949,1366.0,692,420,446,1793,1610,8400,-467.0,1,27,27,27,10,27,16,27,10,7,25,24,24,18,17,19,23,8,30,3,7,27,28,19,25,27,10,Philadelphia 76ers,2016-17
1610612756,Phoenix Suns,82,24,58,0.293,3966.0,3270,7260,0.45,615,1854,0.332,1676,2159,0.776,976,2712,3688,1604,1265.0,673,399,435,2030,1822,8831,-462.0,1,29,29,29,10,6,2,19,29,28,27,1,2,15,4,18,6,29,27,6,13,25,30,2,9,26,10,Phoenix Suns,2016-17
1610612757,Portland Trail Blazers,82,41,41,0.5,3986.0,3243,7059,0.459,852,2272,0.375,1513,1940,0.78,830,2750,3580,1733,1126.0,574,408,431,1736,1624,8851,-43.0,1,15,15,15,1,9,13,14,8,10,6,11,11,14,15,14,14,23,15,25,10,24,26,16,8,18,10,Portland Trail Blazers,2016-17
1610612758,Sacramento Kings,82,32,50,0.39,3976.0,3105,6734,0.461,737,1960,0.376,1483,1913,0.775,715,2652,3367,1844,1201.0,627,324,420,1667,1646,8430,-318.0,1,23,23,23,4,24,28,13,18,23,5,14,13,16,28,25,28,16,21,17,26,21,18,14,24,25,10,Sacramento Kings,2016-17
1610612759,San Antonio Spurs,82,61,21,0.744,3961.0,3222,6864,0.469,753,1927,0.391,1440,1806,0.797,821,2777,3598,1954,1101.0,655,484,333,1498,1623,8637,590.0,1,2,2,2,13,14,24,7,17,25,1,18,24,7,16,12,11,7,10,11,2,5,7,17,14,2,10,San Antonio Spurs,2016-17
1610612761,Toronto Raptors,82,51,31,0.622,3956.0,3211,6918,0.464,725,1996,0.363,1615,2028,0.796,871,2676,3547,1517,1041.0,677,400,392,1708,1666,8762,345.0,1,5,5,5,18,16,22,11,21,22,13,3,6,8,12,23,18,30,4,4,12,13,23,10,10,5,10,Toronto Raptors,2016-17
1610612762,Utah Jazz,82,51,31,0.622,3951.0,3033,6515,0.466,791,2128,0.372,1401,1875,0.747,771,2774,3545,1651,1118.0,550,410,312,1545,1655,8258,323.0,1,5,5,5,25,28,30,9,13,17,9,22,16,24,19,13,19,28,13,29,8,3,8,12,28,6,10,Utah Jazz,2016-17
1610612764,Washington Wizards,82,49,33,0.598,3971.0,3388,7137,0.475,756,2030,0.372,1421,1812,0.784,843,2671,3514,1956,1162.0,693,336,377,1745,1621,8953,148.0,1,9,9,9,7,2,10,3,16,20,8,20,22,12,13,24,22,6,20,2,24,10,27,18,5,9,10,Washington Wizards,2016-17
1610612737,Atlanta Hawks,82,24,58,0.293,3941.0,3130,7015,0.446,917,2544,0.36,1298,1654,0.785,743,2693,3436,1946,1274.0,638,348,453,1606,1661,8475,-447.0,1,27,27,27,27,28,20,25,9,7,15,22,23,7,22,23,25,8,27,12,23,28,14,14,25,26,10,Atlanta Hawks,2017-18
1610612738,Boston Celtics,82,55,27,0.671,3961.0,3141,6975,0.45,939,2492,0.377,1308,1697,0.771,767,2878,3645,1842,1148.0,604,373,364,1618,1571,8529,294.0,1,4,4,4,12,25,25,21,7,10,2,21,20,17,20,6,8,20,15,23,18,6,17,22,20,6,10,Boston Celtics,2017-18
1610612751,Brooklyn Nets,82,28,54,0.341,3971.0,3136,7114,0.441,1041,2924,0.356,1428,1850,0.772,792,2852,3644,1941,1245.0,512,390,450,1688,1615,8741,-307.0,1,23,23,23,5,27,10,29,2,2,20,8,11,14,15,9,9,9,25,30,16,27,23,19,14,24,10,Brooklyn Nets,2017-18
1610612766,Charlotte Hornets,82,36,46,0.439,3956.0,3197,7106,0.45,824,2233,0.369,1656,2216,0.747,827,2901,3728,1770,1041.0,559,373,404,1409,1839,8874,21.0,1,20,20,20,16,18,11,24,19,21,8,1,1,24,12,4,3,24,3,28,18,20,2,1,10,17,10,Charlotte Hornets,2017-18
1610612741,Chicago Bulls,82,27,55,0.329,3971.0,3170,7285,0.435,906,2549,0.355,1194,1574,0.759,790,2872,3662,1923,1147.0,626,289,423,1571,1425,8440,-577.0,1,24,24,24,5,23,1,30,10,6,21,28,26,20,16,8,6,10,13,18,30,24,9,29,26,29,10,Chicago Bulls,2017-18
1610612739,Cleveland Cavaliers,82,50,32,0.61,3946.0,3311,6950,0.476,981,2636,0.372,1488,1909,0.779,694,2761,3455,1916,1126.0,582,312,340,1524,1696,9091,77.0,1,6,6,6,23,10,26,5,3,5,6,6,9,10,27,17,23,12,10,24,28,3,5,7,5,14,10,Cleveland Cavaliers,2017-18
1610612742,Dallas Mavericks,82,24,58,0.293,3961.0,3128,7042,0.444,967,2688,0.36,1167,1530,0.763,666,2717,3383,1858,1007.0,578,310,369,1578,1604,8390,-249.0,1,27,27,27,12,29,17,26,5,4,17,29,29,19,30,21,27,19,1,25,29,8,10,20,28,22,10,Dallas Mavericks,2017-18
1610612743,Denver Nuggets,82,46,36,0.561,3976.0,3338,7102,0.47,940,2536,0.371,1404,1830,0.767,902,2748,3650,2059,1226.0,627,404,391,1533,1699,9020,121.0,1,14,14,14,4,7,12,10,6,8,7,12,12,18,2,20,7,5,23,17,12,16,6,6,6,11,10,Denver Nuggets,2017-18
1610612765,Detroit Pistons,82,39,43,0.476,3961.0,3208,7129,0.45,886,2373,0.373,1207,1621,0.745,830,2756,3586,1868,1102.0,628,317,398,1508,1511,8509,-12.0,1,19,19,19,12,16,9,23,14,16,5,27,24,25,11,18,16,15,7,14,27,17,4,27,22,19,10,Detroit Pistons,2017-18
1610612744,Golden State Warriors,82,58,24,0.707,3946.0,3509,6979,0.503,926,2369,0.391,1360,1668,0.815,691,2877,3568,2402,1265.0,656,612,300,1607,1516,9304,490.0,1,3,3,3,23,1,24,1,8,17,1,18,22,1,28,7,17,1,26,9,1,1,15,25,1,3,10,Golden State Warriors,2017-18
1610612745,Houston Rockets,82,65,17,0.793,3951.0,3174,6906,0.46,1256,3470,0.362,1609,2061,0.781,739,2825,3564,1767,1135.0,699,392,363,1597,1670,9213,695.0,1,1,1,1,18,22,27,15,1,1,14,2,3,9,24,10,18,26,11,5,15,5,12,11,2,1,10,Houston Rockets,2017-18
1610612754,Indiana Pacers,82,48,34,0.585,3951.0,3345,7083,0.472,741,2010,0.369,1225,1573,0.779,788,2684,3472,1819,1088.0,721,340,428,1544,1514,8656,113.0,1,8,8,8,18,6,14,6,25,26,9,24,27,11,17,25,22,23,5,3,25,25,7,26,17,12,10,Indiana Pacers,2017-18
1610612746,Los Angeles Clippers,82,42,40,0.512,3941.0,3302,7004,0.471,777,2196,0.354,1556,2095,0.743,832,2766,3598,1832,1204.0,628,372,462,1638,1803,8937,3.0,1,18,18,18,27,11,21,9,22,22,23,4,2,26,10,16,15,22,19,14,20,29,18,2,9,18,10,LA Clippers,2017-18
1610612747,Los Angeles Lakers,82,35,47,0.427,3981.0,3338,7248,0.461,822,2384,0.345,1364,1910,0.714,876,2927,3803,1949,1295.0,633,388,447,1736,1679,8862,-127.0,1,21,21,21,3,7,2,14,20,15,29,16,8,30,4,2,2,7,29,13,17,26,24,9,11,21,10,Los Angeles Lakers,2017-18
1610612763,Memphis Grizzlies,82,22,60,0.268,3941.0,3013,6788,0.444,758,2152,0.352,1361,1732,0.786,779,2544,3323,1767,1227.0,613,396,421,1900,1674,8145,-509.0,1,29,29,29,27,30,30,27,24,24,25,17,16,6,18,30,29,26,24,22,14,23,30,10,29,27,10,Memphis Grizzlies,2017-18
1610612748,Miami Heat,82,44,38,0.537,3986.0,3184,6997,0.455,903,2506,0.36,1209,1601,0.755,763,2801,3564,1862,1178.0,620,437,378,1648,1587,8480,39.0,1,15,15,15,2,19,23,17,11,9,16,26,25,22,21,13,18,17,16,21,6,10,20,21,23,16,10,Miami Heat,2017-18
1610612749,Milwaukee Bucks,82,44,38,0.537,3966.0,3257,6807,0.478,718,2024,0.355,1499,1915,0.783,688,2579,3267,1905,1135.0,722,443,366,1752,1633,8731,-25.0,1,15,15,15,8,14,28,3,27,25,22,5,7,8,29,28,30,14,11,2,5,7,26,16,15,20,10,Milwaukee Bucks,2017-18
1610612750,Minnesota Timberwolves,82,47,35,0.573,3961.0,3365,7063,0.476,658,1845,0.357,1592,1980,0.804,848,2593,3441,1861,1021.0,689,345,382,1495,1710,8980,183.0,1,12,12,12,12,4,15,4,30,30,19,3,5,2,7,27,24,18,2,6,24,12,3,5,8,10,10,Minnesota Timberwolves,2017-18
1610612740,New Orleans Pelicans,82,48,34,0.585,3991.0,3500,7241,0.483,837,2312,0.362,1324,1716,0.772,712,2923,3635,2195,1223.0,657,485,344,1570,1669,9161,107.0,1,8,8,8,1,2,3,2,18,18,13,19,17,15,26,3,10,3,22,8,3,4,8,13,3,13,10,New Orleans Pelicans,2017-18
1610612752,New York Knicks,82,29,53,0.354,3966.0,3334,7193,0.464,673,1914,0.352,1225,1557,0.787,859,2752,3611,1912,1208.0,552,421,389,1682,1509,8566,-292.0,1,22,22,22,8,9,5,12,29,29,27,24,28,5,5,19,13,13,21,29,8,14,22,28,18,23,10,New York Knicks,2017-18
1610612760,Oklahoma City Thunder,82,48,34,0.585,3966.0,3271,7221,0.453,881,2491,0.354,1421,1985,0.716,1024,2671,3695,1750,1147.0,743,412,377,1653,1750,8844,280.0,1,8,8,8,8,13,4,18,15,11,24,10,4,29,1,26,5,28,13,1,11,9,21,3,12,7,10,Oklahoma City Thunder,2017-18
1610612753,Orlando Magic,82,25,57,0.305,3946.0,3182,7042,0.452,844,2405,0.351,1271,1678,0.757,722,2692,3414,1921,1192.0,622,400,402,1579,1556,8479,-395.0,1,26,26,26,23,20,17,19,17,14,28,23,21,21,25,24,26,11,17,20,13,19,11,24,24,25,10,Orlando Magic,2017-18
1610612755,Philadelphia 76ers,82,52,30,0.634,3956.0,3349,7098,0.472,901,2445,0.369,1405,1868,0.752,893,2996,3889,2221,1353.0,682,420,417,1811,1670,9004,369.0,1,5,5,5,16,5,13,8,12,12,10,11,10,23,3,1,1,2,30,7,9,21,29,11,7,4,10,Philadelphia 76ers,2017-18
1610612756,Phoenix Suns,82,21,61,0.256,3941.0,3153,7141,0.442,763,2286,0.334,1453,1962,0.741,842,2776,3618,1743,1289.0,569,370,488,1807,1715,8522,-768.0,1,30,30,30,27,24,7,28,23,20,30,7,6,27,8,15,12,29,28,27,21,30,28,4,21,30,10,Phoenix Suns,2017-18
1610612757,Portland Trail Blazers,82,49,33,0.598,3951.0,3222,7132,0.452,845,2308,0.366,1372,1715,0.8,835,2893,3728,1599,1109.0,573,423,418,1599,1564,8661,213.0,1,7,7,7,18,15,8,20,16,19,11,15,18,3,9,5,3,30,8,26,7,22,13,23,16,9,10,Portland Trail Blazers,2017-18
1610612758,Sacramento Kings,82,27,55,0.329,3951.0,3179,7063,0.45,738,1967,0.375,1008,1371,0.735,776,2578,3354,1768,1125.0,643,340,389,1639,1422,8104,-573.0,1,24,24,24,18,21,15,22,26,28,3,30,30,28,19,29,28,25,9,11,25,14,19,30,30,28,10,Sacramento Kings,2017-18
1610612759,San Antonio Spurs,82,47,35,0.573,3946.0,3202,6999,0.457,696,1977,0.352,1324,1715,0.772,849,2777,3626,1868,1078.0,628,460,318,1408,1619,8424,237.0,1,12,12,12,23,17,22,16,28,27,26,19,18,13,6,14,11,15,4,14,4,2,1,18,27,8,10,San Antonio Spurs,2017-18
1610612761,Toronto Raptors,82,59,23,0.72,3966.0,3383,7169,0.472,968,2705,0.358,1422,1790,0.794,800,2807,3607,1995,1095.0,626,500,401,1783,1633,9156,638.0,1,2,2,2,8,3,6,7,4,3,18,9,13,4,14,11,14,6,6,18,2,18,27,16,4,2,10,Toronto Raptors,2017-18
1610612762,Utah Jazz,82,48,34,0.585,3951.0,3139,6797,0.462,887,2425,0.366,1375,1766,0.779,740,2807,3547,1839,1205.0,708,420,380,1608,1683,8540,353.0,1,8,8,8,18,26,29,13,13,13,12,14,15,12,23,11,20,21,20,4,9,11,16,8,19,5,10,Utah Jazz,2017-18
1610612764,Washington Wizards,82,43,39,0.524,3971.0,3275,7018,0.467,814,2173,0.375,1378,1786,0.772,823,2713,3536,2065,1196.0,645,353,383,1746,1639,8742,48.0,1,17,17,17,5,12,19,11,21,23,4,13,14,16,13,22,21,4,18,10,22,13,25,15,13,15,10,Washington Wizards,2017-18
1610612737,Atlanta Hawks,82,29,53,0.354,3971.0,3392,7524,0.451,1067,3034,0.352,1443,1918,0.752,955,2825,3780,2118,1397.0,675,419,448,1932,1817,9294,-494.0,1,26,26,26,7,15,4,21,4,3,16,18,12,21,4,18,12,10,30,11,14,24,29,5,12,26,10,Atlanta Hawks,2018-19
1610612738,Boston Celtics,82,49,33,0.598,3956.0,3451,7423,0.465,1032,2829,0.365,1282,1598,0.802,804,2849,3653,2155,1052.0,706,435,317,1670,1602,9216,364.0,1,9,9,9,18,11,9,14,6,7,7,28,29,4,20,16,22,5,3,4,10,2,12,26,14,6,10,Boston Celtics,2018-19
1610612751,Brooklyn Nets,82,42,40,0.512,3996.0,3301,7358,0.449,1047,2965,0.353,1555,2088,0.745,900,2919,3819,1954,1236.0,539,339,432,1763,1807,9204,-6.0,1,14,14,14,1,20,14,25,5,5,14,6,4,24,10,10,7,21,26,27,28,22,23,7,15,15,10,Brooklyn Nets,2018-19
1610612766,Charlotte Hornets,82,39,43,0.476,3966.0,3297,7362,0.448,977,2783,0.351,1510,1895,0.797,814,2778,3592,1905,1001.0,591,405,492,1550,1686,9081,-90.0,1,17,17,17,11,21,12,26,11,10,18,9,16,6,19,22,23,24,2,21,18,29,3,18,19,18,10,Charlotte Hornets,2018-19
1610612741,Chicago Bulls,82,22,60,0.268,3981.0,3266,7205,0.453,745,2123,0.351,1328,1695,0.783,718,2799,3517,1796,1159.0,603,351,473,1663,1534,8605,-690.0,1,27,27,27,3,23,22,20,30,27,19,25,26,11,30,21,25,27,19,20,26,28,9,30,27,27,10,Chicago Bulls,2018-19
1610612739,Cleveland Cavaliers,82,19,63,0.232,3951.0,3189,7184,0.444,847,2388,0.355,1342,1694,0.792,879,2619,3498,1698,1106.0,534,195,459,1642,1592,8567,-788.0,1,28,28,28,24,26,23,28,20,24,13,22,27,7,12,28,26,29,9,28,30,27,6,28,29,30,10,Cleveland Cavaliers,2018-19
1610612742,Dallas Mavericks,82,33,49,0.402,3956.0,3182,7122,0.447,1022,3002,0.34,1541,2076,0.742,832,2884,3716,1918,1167.0,533,351,368,1650,1905,8927,-105.0,1,22,22,22,18,28,28,27,7,4,27,7,5,25,16,14,16,22,20,29,26,6,8,2,21,20,10,Dallas Mavericks,2018-19
1610612743,Denver Nuggets,82,54,28,0.659,3946.0,3439,7384,0.466,903,2571,0.351,1294,1714,0.755,972,2832,3804,2245,1102.0,634,363,407,1644,1675,9075,324.0,1,4,4,4,27,12,11,13,18,16,17,27,25,20,2,17,8,2,8,13,24,14,7,20,20,8,10,Denver Nuggets,2018-19
1610612765,Detroit Pistons,82,41,41,0.5,3971.0,3185,7238,0.44,993,2854,0.348,1415,1893,0.747,936,2752,3688,1845,1135.0,569,331,419,1811,1748,8778,-20.0,1,16,16,16,7,27,19,29,9,6,23,19,17,23,5,24,18,26,11,22,29,17,26,11,25,17,10,Detroit Pistons,2018-19
1610612744,Golden State Warriors,82,57,25,0.695,3961.0,3612,7361,0.491,1087,2824,0.385,1339,1672,0.801,797,2990,3787,2413,1169.0,625,525,295,1757,1601,9650,530.0,1,3,3,3,15,1,13,1,3,8,3,23,28,5,21,3,11,1,21,15,1,1,22,27,2,2,10,Golden State Warriors,2018-19
1610612745,Houston Rockets,82,53,29,0.646,3966.0,3218,7163,0.449,1323,3721,0.356,1582,2001,0.791,836,2613,3449,1741,1094.0,700,405,369,1803,1640,9341,391.0,1,5,5,5,11,25,26,24,1,1,12,3,7,9,14,29,28,28,6,5,18,8,25,24,11,5,10,Houston Rockets,2018-19
1610612754,Indiana Pacers,82,48,34,0.585,3941.0,3390,7135,0.475,779,2081,0.374,1298,1727,0.752,762,2766,3528,2128,1122.0,713,404,425,1594,1642,8857,273.0,1,11,11,11,30,16,27,4,29,29,5,26,23,22,25,23,24,9,10,3,20,21,4,23,22,10,10,Indiana Pacers,2018-19
1610612746,Los Angeles Clippers,82,48,34,0.585,3966.0,3384,7178,0.471,821,2118,0.388,1853,2340,0.792,796,2936,3732,1970,1193.0,561,385,498,1913,1969,9442,70.0,1,11,11,11,11,17,24,7,25,28,2,1,1,8,22,8,13,18,22,23,22,30,28,1,5,13,10,LA Clippers,2018-19
1610612747,Los Angeles Lakers,82,37,45,0.451,3956.0,3491,7425,0.47,847,2541,0.333,1336,1910,0.699,835,2985,3820,2096,1284.0,618,440,421,1701,1706,9165,-141.0,1,20,20,20,18,6,8,9,20,17,29,24,14,29,15,4,6,11,29,16,8,20,13,15,16,23,10,Los Angeles Lakers,2018-19
1610612763,Memphis Grizzlies,82,33,49,0.402,3976.0,3113,6924,0.45,811,2368,0.342,1453,1882,0.772,723,2703,3426,1963,1147.0,684,448,402,1801,1758,8490,-213.0,1,22,22,22,4,30,30,23,27,25,25,15,18,15,29,26,29,19,15,6,4,13,24,9,30,24,10,Memphis Grizzlies,2018-19
1610612748,Miami Heat,82,39,43,0.476,3946.0,3251,7218,0.45,928,2658,0.349,1238,1782,0.695,921,2879,3800,1991,1208.0,627,448,389,1712,1652,8668,-19.0,1,17,17,17,27,24,21,22,15,14,21,29,22,30,7,15,10,17,23,14,4,11,15,22,26,16,10,Miami Heat,2018-19
1610612749,Milwaukee Bucks,82,60,22,0.732,3956.0,3555,7471,0.476,1105,3134,0.353,1471,1904,0.773,762,3316,4078,2136,1137.0,615,486,395,1608,1653,9686,727.0,1,1,1,1,18,3,6,3,2,2,15,12,15,14,25,1,1,7,13,17,2,12,5,21,1,1,10,Milwaukee Bucks,2018-19
1610612750,Minnesota Timberwolves,82,36,46,0.439,3966.0,3413,7483,0.456,827,2357,0.351,1570,1995,0.787,923,2750,3673,2018,1074.0,683,411,455,1664,1795,9223,-123.0,1,21,21,21,11,13,5,17,23,26,20,4,8,10,6,25,19,15,4,7,17,25,10,8,13,22,10,Minnesota Timberwolves,2018-19
1610612740,New Orleans Pelicans,82,33,49,0.402,3951.0,3581,7563,0.473,842,2449,0.344,1462,1921,0.761,909,2969,3878,2216,1215.0,610,441,445,1732,1722,9466,-109.0,1,22,22,22,24,2,3,6,22,21,24,13,11,18,8,6,5,3,24,18,7,23,19,13,3,21,10,New Orleans Pelicans,2018-19
1610612752,New York Knicks,82,17,65,0.207,3956.0,3134,7241,0.433,823,2421,0.34,1484,1956,0.759,857,2811,3668,1646,1151.0,557,422,458,1713,1708,8575,-755.0,1,30,30,30,18,29,18,30,24,22,28,11,10,19,13,20,20,30,17,24,13,26,16,14,28,28,10,New York Knicks,2018-19
1610612760,Oklahoma City Thunder,82,49,33,0.598,3971.0,3497,7706,0.454,932,2677,0.348,1461,2049,0.713,1031,2911,3942,1917,1145.0,766,425,415,1839,1844,9387,279.0,1,9,9,9,7,5,1,19,13,13,22,14,6,28,1,11,2,23,14,1,12,16,27,3,7,9,10,Oklahoma City Thunder,2018-19
1610612753,Orlando Magic,82,42,40,0.512,3956.0,3316,7307,0.454,937,2633,0.356,1231,1575,0.782,822,2902,3724,2095,1082.0,543,445,362,1526,1537,8800,58.0,1,14,14,14,18,18,15,18,12,15,11,30,30,12,17,13,15,12,5,26,6,5,2,29,24,14,10,Orlando Magic,2018-19
1610612755,Philadelphia 76ers,82,51,31,0.622,3961.0,3407,7233,0.471,889,2474,0.359,1742,2258,0.771,892,3025,3917,2207,1223.0,606,432,336,1745,1816,9445,221.0,1,7,7,7,15,14,20,8,19,19,8,2,2,16,11,2,4,4,25,19,11,4,20,6,4,11,10,Philadelphia 76ers,2018-19
1610612756,Phoenix Suns,82,19,63,0.232,3976.0,3289,7164,0.459,790,2400,0.329,1447,1858,0.779,748,2563,3311,1957,1279.0,735,418,411,1932,1694,8815,-766.0,1,28,28,28,4,22,25,16,28,23,30,17,20,13,28,30,30,20,28,2,15,15,29,17,23,29,10,Phoenix Suns,2018-19
1610612757,Portland Trail Blazers,82,53,29,0.646,3971.0,3470,7427,0.467,904,2520,0.359,1558,1914,0.814,967,2968,3935,1887,1135.0,546,413,420,1669,1699,9402,344.0,1,5,5,5,7,7,7,12,17,18,9,5,13,2,3,7,3,25,11,25,16,18,11,16,6,7,10,Portland Trail Blazers,2018-19
1610612758,Sacramento Kings,82,39,43,0.476,3946.0,3541,7637,0.464,927,2455,0.378,1354,1865,0.726,906,2819,3725,2083,1095.0,679,363,420,1751,1753,9363,-92.0,1,17,17,17,27,4,2,15,16,20,4,21,19,27,9,19,14,14,7,10,24,18,21,10,9,19,10,Sacramento Kings,2018-19
1610612759,San Antonio Spurs,82,48,34,0.585,3961.0,3468,7248,0.478,812,2071,0.392,1408,1720,0.819,757,2910,3667,2013,992.0,501,386,332,1487,1611,9156,138.0,1,11,11,11,15,8,17,2,26,30,1,20,24,1,27,12,21,16,1,30,21,3,1,25,18,12,10,San Antonio Spurs,2018-19
1610612761,Toronto Raptors,82,58,24,0.707,3976.0,3460,7305,0.474,1015,2771,0.366,1449,1803,0.804,786,2920,3706,2085,1150.0,680,437,368,1724,1683,9384,499.0,1,2,2,2,4,9,16,5,8,11,6,16,21,3,24,9,17,13,16,9,9,6,17,19,8,3,10,Toronto Raptors,2018-19
1610612762,Utah Jazz,82,50,32,0.61,3951.0,3314,7082,0.468,993,2789,0.356,1540,2092,0.736,820,2981,3801,2133,1240.0,663,483,376,1728,1835,9161,431.0,1,8,8,8,24,19,29,10,9,9,10,8,3,26,18,5,9,8,27,12,3,9,18,4,17,4,10,Utah Jazz,2018-19
1610612764,Washington Wizards,82,32,50,0.39,3986.0,3456,7387,0.468,930,2731,0.341,1508,1963,0.768,794,2679,3473,2154,1154.0,683,379,378,1701,1741,9350,-238.0,1,25,25,25,2,10,10,11,14,12,26,10,9,17,23,27,27,6,18,7,23,10,13,12,10,25,10,Washington Wizards,2018-19
1610612737,Atlanta Hawks,67,20,47,0.299,3256.0,2723,6067,0.449,805,2416,0.333,1237,1566,0.79,661,2237,2898,1605,1086.0,523,341,428,1548,1404,7488,-534.0,23,26,28,27,23,23,23,23,18,13,30,17,21,10,23,24,24,21,24,20,16,30,22,21,23,29,10,Atlanta Hawks,2019-20
1610612738,Boston Celtics,72,48,24,0.667,3486.0,2971,6448,0.461,905,2487,0.364,1336,1668,0.801,768,2549,3317,1655,995.0,595,406,396,1553,1487,8183,454.0,11,5,5,5,13,14,12,17,11,12,13,9,13,5,5,12,8,19,11,6,4,27,23,16,10,3,10,Boston Celtics,2019-20
1610612751,Brooklyn Nets,72,35,37,0.486,3496.0,2908,6498,0.448,941,2746,0.343,1291,1732,0.745,766,2683,3449,1761,1099.0,464,323,379,1510,1521,8048,-41.0,11,14,14,14,11,17,8,24,9,4,26,13,9,25,7,3,3,13,27,26,20,23,18,9,17,15,10,Brooklyn Nets,2019-20
1610612766,Charlotte Hornets,65,23,42,0.354,3150.0,2425,5586,0.434,785,2231,0.352,1052,1406,0.748,715,2066,2781,1549,949.0,428,268,328,1223,1337,6687,-439.0,26,23,21,22,26,30,30,30,23,23,19,28,27,24,14,29,28,25,5,30,28,11,2,25,30,27,10,Charlotte Hornets,2019-20
1610612741,Chicago Bulls,65,22,43,0.338,3135.0,2573,5762,0.447,793,2282,0.348,1006,1332,0.755,680,2041,2721,1510,1005.0,652,265,384,1417,1246,6945,-200.0,26,24,23,24,29,28,26,26,21,20,22,29,29,21,21,30,30,28,12,1,29,24,9,30,28,22,10,Chicago Bulls,2019-20
1610612739,Cleveland Cavaliers,65,19,46,0.292,3145.0,2619,5715,0.458,727,2070,0.351,983,1296,0.758,704,2172,2876,1500,1073.0,447,211,412,1188,1277,6948,-513.0,26,28,26,29,27,25,28,19,28,26,20,30,30,20,16,26,25,29,21,28,30,29,1,29,27,28,10,Cleveland Cavaliers,2019-20
1610612742,Dallas Mavericks,75,43,32,0.573,3635.0,3124,6772,0.461,1136,3095,0.367,1392,1787,0.779,791,2729,3520,1849,953.0,460,363,311,1462,1601,8776,371.0,1,12,13,13,1,2,1,16,1,2,10,7,5,14,3,2,2,9,6,27,11,7,12,4,1,6,10,Dallas Mavericks,2019-20
1610612743,Denver Nuggets,73,46,27,0.63,3549.0,3069,6488,0.473,801,2234,0.359,1185,1526,0.777,786,2436,3222,1952,1005.0,586,337,324,1485,1494,8124,154.0,3,6,6,6,3,6,9,4,19,22,15,23,23,16,4,20,15,3,12,7,18,9,16,13,12,11,10,Denver Nuggets,2019-20
1610612765,Detroit Pistons,66,20,46,0.303,3193.0,2595,5658,0.459,791,2157,0.367,1097,1476,0.743,644,2109,2753,1589,1008.0,490,299,369,1299,1308,7078,-235.0,24,26,26,26,24,26,29,18,22,25,11,25,25,26,26,28,29,22,14,24,23,22,3,26,25,23,10,Detroit Pistons,2019-20
1610612744,Golden State Warriors,65,15,50,0.231,3145.0,2510,5730,0.438,678,2032,0.334,1214,1511,0.803,647,2138,2785,1663,969.0,534,299,321,1304,1308,6912,-566.0,26,30,30,30,27,29,27,29,29,28,29,21,24,4,25,27,27,18,8,18,23,8,4,26,29,30,10,Golden State Warriors,2019-20
1610612745,Houston Rockets,72,44,28,0.611,3476.0,2936,6512,0.451,1126,3261,0.345,1484,1876,0.791,704,2484,3188,1557,1057.0,627,371,354,1566,1515,8482,213.0,11,8,7,8,16,16,7,22,2,1,24,2,2,8,16,18,16,24,19,3,10,18,25,11,4,8,10,Houston Rockets,2019-20
1610612754,Indiana Pacers,73,45,28,0.616,3524.0,3075,6457,0.476,743,2046,0.363,1096,1393,0.787,636,2489,3125,1888,967.0,543,376,335,1445,1373,7989,143.0,3,7,7,7,5,5,11,2,27,27,14,26,28,12,28,17,19,7,7,16,9,14,11,24,19,12,10,Indiana Pacers,2019-20
1610612746,Los Angeles Clippers,72,49,23,0.681,3476.0,2992,6425,0.466,895,2410,0.371,1498,1894,0.791,767,2664,3431,1708,1051.0,511,338,338,1594,1647,8377,464.0,11,4,4,4,16,12,14,12,12,14,6,1,1,9,6,4,4,17,18,22,17,15,26,2,5,2,10,LA Clippers,2019-20
1610612747,Los Angeles Lakers,71,52,19,0.732,3418.0,3006,6269,0.48,782,2242,0.349,1260,1728,0.729,757,2490,3247,1803,1077.0,612,468,263,1471,1544,8054,411.0,21,3,2,3,22,8,19,1,24,21,21,16,10,28,9,16,12,11,22,4,1,1,15,8,16,5,10,Los Angeles Lakers,2019-20
1610612763,Memphis Grizzlies,73,34,39,0.466,3514.0,3106,6634,0.468,798,2297,0.347,1212,1589,0.763,754,2643,3397,1965,1113.0,576,398,386,1546,1474,8222,-78.0,3,16,15,16,9,4,4,7,20,19,23,22,20,19,10,5,5,2,29,9,5,25,21,17,9,17,10,Memphis Grizzlies,2019-20
1610612748,Miami Heat,73,44,29,0.603,3549.0,2880,6160,0.468,979,2584,0.379,1440,1840,0.783,620,2619,3239,1892,1088.0,547,332,302,1501,1584,8179,215.0,3,8,11,11,3,20,20,10,6,7,2,4,3,13,29,6,13,5,25,15,19,4,17,7,11,7,10,Miami Heat,2019-20
1610612749,Milwaukee Bucks,73,56,17,0.767,3519.0,3160,6638,0.476,1007,2840,0.355,1336,1800,0.742,691,3083,3774,1889,1102.0,526,429,326,1431,1586,8663,736.0,3,1,1,1,6,1,3,3,3,3,18,9,4,27,19,1,1,6,28,19,3,10,10,6,2,1,10,Milwaukee Bucks,2019-20
1610612750,Minnesota Timberwolves,64,19,45,0.297,3112.0,2586,5865,0.441,853,2540,0.336,1223,1624,0.753,675,2193,2868,1525,981.0,555,362,355,1370,1383,7248,-275.0,30,28,24,28,30,27,25,28,14,8,28,20,19,23,22,25,26,26,9,13,12,19,6,23,24,24,10,Minnesota Timberwolves,2019-20
1610612740,New Orleans Pelicans,72,30,42,0.417,3486.0,3065,6598,0.465,982,2656,0.37,1229,1687,0.729,797,2551,3348,1932,1181.0,539,358,348,1524,1519,8341,-93.0,11,21,21,21,13,7,5,13,5,6,7,19,11,29,1,11,7,4,30,17,13,17,19,10,6,20,10,New Orleans Pelicans,2019-20
1610612752,New York Knicks,66,21,45,0.318,3193.0,2638,5896,0.447,631,1872,0.337,1076,1550,0.694,795,2274,3069,1456,946.0,504,313,333,1464,1305,6983,-426.0,24,25,24,25,24,24,24,25,30,30,27,27,22,30,2,23,21,30,3,23,21,13,13,28,26,26,10,New York Knicks,2019-20
1610612760,Oklahoma City Thunder,72,44,28,0.611,3486.0,2879,6156,0.468,770,2171,0.355,1422,1787,0.796,593,2495,3088,1562,986.0,550,353,290,1390,1641,7950,143.0,11,8,7,8,13,21,21,8,25,24,17,5,5,7,30,15,20,23,10,14,15,2,8,3,20,12,10,Oklahoma City Thunder,2019-20
1610612753,Orlando Magic,73,33,40,0.452,3514.0,2871,6468,0.444,807,2354,0.343,1282,1656,0.774,751,2498,3249,1747,937.0,599,396,338,1336,1420,7831,-74.0,3,18,19,18,9,22,10,27,17,15,25,14,15,17,12,14,11,15,2,5,6,15,5,20,22,16,10,Orlando Magic,2019-20
1610612755,Philadelphia 76ers,73,43,30,0.589,3519.0,3000,6417,0.468,848,2307,0.368,1236,1638,0.755,764,2553,3317,1884,1037.0,586,389,294,1529,1493,8084,174.0,3,12,12,12,6,10,15,11,15,18,9,18,17,22,8,10,8,8,16,7,8,3,20,14,15,10,10,Philadelphia 76ers,2019-20
1610612756,Phoenix Suns,73,34,39,0.466,3519.0,3006,6429,0.468,831,2320,0.358,1451,1740,0.834,712,2465,3177,1987,1077.0,559,290,401,1609,1653,8294,16.0,3,16,15,16,6,8,13,9,16,17,16,3,8,1,15,19,17,1,22,11,27,28,29,1,7,14,10,Phoenix Suns,2019-20
1610612757,Portland Trail Blazers,74,35,39,0.473,3567.0,3122,6749,0.463,952,2525,0.377,1312,1632,0.804,754,2599,3353,1525,946.0,465,451,364,1606,1488,8508,-85.0,2,14,15,15,2,3,2,14,8,10,3,12,18,3,10,7,6,26,3,25,2,21,28,15,3,19,10,Portland Trail Blazers,2019-20
1610612758,Sacramento Kings,72,31,41,0.431,3491.0,2943,6364,0.462,914,2511,0.364,1127,1464,0.77,695,2372,3067,1713,1043.0,556,293,304,1595,1404,7927,-147.0,11,20,20,20,12,15,16,15,10,11,12,24,26,18,18,21,22,16,17,12,25,5,27,21,21,21,10,Sacramento Kings,2019-20
1610612759,San Antonio Spurs,71,32,39,0.451,3443.0,2995,6350,0.472,760,2021,0.376,1348,1664,0.81,640,2530,3170,1751,895.0,518,390,308,1377,1424,8098,-79.0,21,19,15,19,21,11,17,5,26,29,4,8,14,2,27,13,18,14,1,21,7,6,7,19,14,18,10,San Antonio Spurs,2019-20
1610612761,Toronto Raptors,72,53,19,0.736,3476.0,2897,6331,0.458,995,2663,0.374,1329,1670,0.796,685,2583,3268,1816,1067.0,636,358,395,1559,1466,8118,449.0,11,2,2,2,16,18,18,20,4,5,5,11,12,6,20,8,10,10,20,2,13,26,24,18,13,4,10,Toronto Raptors,2019-20
1610612762,Utah Jazz,72,44,28,0.611,3471.0,2886,6130,0.471,963,2537,0.38,1278,1641,0.779,656,2577,3233,1615,1089.0,438,292,329,1468,1501,8013,178.0,11,8,7,8,19,19,22,6,7,9,1,15,16,15,24,9,14,20,26,29,26,12,14,12,18,9,10,Utah Jazz,2019-20
1610612764,Washington Wizards,72,25,47,0.347,3471.0,2990,6544,0.457,864,2345,0.368,1394,1770,0.788,732,2295,3027,1801,1020.0,574,309,363,1634,1601,8238,-336.0,11,22,28,23,19,13,6,21,13,16,8,6,7,11,13,22,23,12,15,10,22,20,30,4,8,25,10,Washington Wizards,2019-20
